order_id,date,time,order_type,branch_code,order_items,order_price,customer_lat,customer_lon,customerHasloyalty?,distance_to_customer_KM,delivery_fee
ORDJ10197,2021-01-10,08:10:08,Breakfast,TP,"[('Eggs', 6), ('Cereal', 2), ('Pancake', 9)]",366.25,-37.8223501,144.9840706,1,9.354,6.8344395
ORDX10901,2021-03-04,10:01:41,Breakfast,BK,"[('Coffee', 6), ('Cereal', 7), ('Pancake', 8)]",351.0,-37.8149101,144.958935,0,11.286,16.6631894
ORDY01694,2021-11-03,18:08:27,Dinner,TP,"[('Fish&Chips', 9), ('Shrimp', 7), ('Salmon', 6)]",939.0,-37.8097389,144.9463419,0,9.72,13.5887674
ORDJ09900,2021-10-20,17:38:01,Dinner,TP,"[('Fish&Chips', 3), ('Shrimp', 2), ('Pasta', 10)]",488.0,-37.8096086,144.9756251,0,9.065,13.2023381
ORDK08694,2021-06-26,13:44:47,Lunch,BK,"[('Fries', 6), ('Salad', 3), ('Steak', 8)]",483.6,-37.8022925,144.9423995,0,9.377,17.8417056
ORDA05648,2021-02-08,09:10:59,Breakfast,BK,"[('Cereal', 10), ('Pancake', 7)]",355.75,-37.8216271,144.9893759,0,6.061,10.9252047
ORDK08311,2021-07-24,14:45:38,Lunch,NS,"[('Steak', 4), ('Burger', 2), ('Chicken', 10), ('Salad', 2), ('Fries', 5)]",656.4,-37.8211302,144.9577365,0,8.43,16.3959698
ORDI07219,2021-12-16,19:29:34,Dinner,NS,"[('Salmon', 10), ('Shrimp', 9), ('Pasta', 1)]",923.5,-37.8134528,144.9738281,0,7.678,13.5370853
ORDK02817,2021-06-02,13:04:13,Lunch,BK,"[('Salad', 7), ('Burger', 3), ('Steak', 3), ('Fries', 10), ('Chicken', 2)]",532.4,-37.8080522,144.957721,0,7.967,13.3648075
ORDK06054,2021-09-02,16:06:45,Dinner,BK,"[('Salmon', 1), ('Shrimp', 7)]",419.0,-37.8194924,144.9436232,0,9.69,16.7407167
ORDI07833,2021-07-18,14:35:29,Lunch,NS,"[('Salad', 9), ('Fries', 10), ('Steak', 1), ('Burger', 2), ('Chicken', 4)]",509.8,-37.8196142,145.0099096,0,11.009,18.5324461
ORDX03544,2021-03-11,10:11:49,Breakfast,BK,"[('Cereal', 2), ('Coffee', 5), ('Pancake', 10), ('Eggs', 5)]",395.0,-37.8104145,144.995982,0,4.524,9.4667815
ORDI02245,2021-08-17,15:36:20,Lunch,NS,"[('Salad', 9), ('Chicken', 6)]",346.8,-37.7988358,144.9358923,0,7.272,13.2363346
ORDZ09604,2021-12-21,19:39:43,Dinner,NS,"[('Fish&Chips', 9), ('Shrimp', 8)]",747.0,-37.8081736,144.9605362,0,7.595,14.2542779
ORDX01711,2021-01-05,08:00:00,Breakfast,BK,"[('Eggs', 5), ('Pancake', 6), ('Coffee', 10), ('Cereal', 3)]",353.5,-37.8068421,144.9542196,1,8.34,6.4773113
ORDI09273,2021-10-24,17:48:10,Dinner,NS,"[('Shrimp', 1), ('Salmon', 8), ('Fish&Chips', 2)]",452.0,37.8145067,144.9999352,0,9.891,18.0266385
ORDY04446,2021-10-10,17:17:44,Dinner,TP,"[('Salmon', 3), ('Pasta', 8), ('Fish&Chips', 1)]",378.0,-37.803445,144.991412,0,11.513,17.0164666
ORDZ10042,2021-12-18,19:39:43,Dinner,NS,"[('Pasta', 8), ('Shrimp', 5), ('Salmon', 10), ('Fish&Chips', 4)]",1040.0,-37.8168415,144.9542915,0,8.877,16.9163396
ORDC09537,2021-09-06,16:16:54,Dinner,NS,"[('Pancake', 4), ('Fish&Chips', 3), ('Shrimp', 7), ('Pasta', 2)]",702.0,-37.802362,144.9915361,0,8.306,14.3909644
ORDA07341,2021-02-16,09:31:16,Breakfast,BK,"[('Pancake', 4), ('Coffee', 9)]",138.5,-37.8182651,144.9756712,0,7.069,11.4912402
ORDX06234,2021-06-15,13:24:30,Lunch,BK,"[('Steak', 2), ('Chicken', 6), ('Salad', 1), ('Burger', 9), ('Fries', 5)]",638.2,-37.8080853,144.973057,0,6.534,12.5211634
ORDA05118,2021-09-01,15:56:37,Lunch,BK,"[('Fries', 2), ('Burger', 4), ('Salad', 6), ('Steak', 8), ('Chicken', 9)]",899.2,-37.8135048,144.9656151,0,7.496,13.5321057
ORDA03914,2021-04-27,11:43:05,Breakfast,BK,"[('Cereal', 10), ('Eggs', 5), ('Pancake', 1), ('Coffee', 9)]",376.75,-37.802587,144.9349985,0,10.911,16.0248926
ORDI01878,2021-11-27,18:59:09,Dinner,NS,"[('Pasta', 8), ('Shrimp', 4), ('Fish&Chips', 6)]",646.0,-37.8043288,145.0007417,0,9.417,17.3626211
ORDB08564,2021-11-22,18:49:00,Dinner,TP,"[('Fish&Chips', 5), ('Shrimp', 6), ('Salmon', 9), ('Pasta', 6)]",1033.0,-37.8200557,144.9768385,0,8.477,12.4456227
ORDJ05523,Sat Dec  4 00:00:00 2021,19:09:17,Dinner,TP,"[('Fish&Chips', 9), ('Shrimp', 6), ('Pasta', 10)]",914.0,-37.8173683,144.9596829,0,8.0,13.6438573
ORDZ08809,2021-08-25,15:46:28,Lunch,NS,"[('Burger', 7), ('Salad', 5), ('Steak', 8), ('Chicken', 6)]",855.0,-37.8146338,144.969489,0,7.839,13.8691808
ORDJ05606,2021-02-09,09:10:59,Breakfast,TP,"[('Eggs', 6), ('Pancake', 1), ('Cereal', 8), ('Coffee', 5)]",335.75,-37.8218911,144.9917074,0,9.684,12.012149
ORDI10448,2021-10-28,17:58:18,Dinner,NS,"[('Shrimp', 1), ('Fish&Chips', 1), ('Pasta', 5), ('Salmon', 1)]",267.5,-37.8025736,144.9630012,0,6.965,13.5960198
ORDC10929,2021-03-28,10:52:23,Breakfast,NS,"[('Coffee', 6), ('Eggs', 5), ('Cereal', 6), ('Pancake', 10)]",480.5,-37.8146256,144.9382538,0,9.787,16.7696991
ORDB08804,2021-06-16,13:24:30,Lunch,TP,"[('Salad', 1), ('Fries', 3), ('Burger', 7)]",270.2,-37.8076777,144.9732605,0,9.269,12.2900375
ORDC05341,2021-01-23,08:40:33,Breakfast,NS,"[('Coffee', 6), ('Eggs', 6), ('Pancake', 9)]",359.25,-37.8256656,144.9800894,0,9.203,15.8732895
ORDA02202,2021-02-03,09:00:50,Breakfast,BK,"[('Cereal', 1), ('Coffee', 7), ('Pancake', 7), ('Eggs', 1)]",235.25,-37.8197069,144.9721401,0,7.873,12.8506512
ORDK07860,2021-10-09,17:17:44,Dinner,BK,"[('Fish&Chips', 3), ('Shrimp', 9)]",591.0,-37.8093322,144.9731214,0,6.634,16.4827048
ORDK08816,2021-10-21,17:38:01,Dinner,BK,"[('Pasta', 6), ('Salmon', 2), ('Fish&Chips', 5), ('Shrimp', 4)]",638.0,-37.8105932,145.0007346,0,4.07,11.0816821
ORDJ02682,2021-04-01,10:52:23,Breakfast,TP,"[('Coffee', 1), ('Pancake', 7), ('Eggs', 9), ('Cereal', 2)]",390.25,-37.8006517,144.9694212,0,10.024,12.6373947
ORDZ04922,2021-04-15,11:22:49,Breakfast,NS,"[('Pancake', 3), ('Cereal', 8), ('Coffee', 6)]",259.75,-37.8170755,144.9832608,0,8.702,14.2014526
ORDY01762,2021-04-17,11:22:49,Breakfast,TP,"[('Cereal', 9), ('Pancake', 10)]",402.5,-37.8244445,144.9903573,0,9.391,13.7851873
ORDY09474,2021-05-31,12:54:05,Lunch,TP,"[('Steak', 10), ('Burger', 10), ('Chicken', 9)]",1048.0,-37.8066464,144.9416534,0,10.242,13.2343733
ORDX04679,2021-03-28,10:52:23,Lunch,BK,"[('Pancake', 1), ('Coffee', 6), ('Cereal', 5), ('Eggs', 6)]",281.25,-37.81144,144.9374027,0,10.433,17.6808868
ORDK08696,2021-03-05,10:01:41,Breakfast,BK,"[('Eggs', 2), ('Cereal', 1), ('Coffee', 10)]",117.0,-37.8225281,144.9503197,0,9.042,14.351536
ORDB09455,2021-03-20,10:32:06,Breakfast,TP,"[('Cereal', 10), ('Eggs', 7), ('Coffee', 9)]",396.5,-37.8085213,144.9280532,0,11.841,15.6481819
ORDZ07236,2021-01-15,08:20:16,Breakfast,NS,"[('Coffee', 1), ('Pancake', 9), ('Cereal', 5)]",305.75,-37.79602,145.0010543,1,9.515,7.4330747
ORDA02553,2021-07-11,14:15:12,Lunch,BK,"[('Steak', 5), ('Burger', 4), ('Chicken', 3), ('Salad', 7)]",565.4,-37.8006798,144.9577628,0,8.272,16.4040723
ORDK07410,2021-06-18,13:34:38,Lunch,BK,"[('Salad', 9), ('Burger', 3)]",247.8,-37.8042161,144.9595444,0,7.822,13.6568379
ORDC00572,2021-01-22,08:40:33,Breakfast,NS,"[('Eggs', 6), ('Coffee', 9), ('Cereal', 7), ('Pancake', 9)]",515.75,-37.8137353,144.9522985,0,8.639,13.786841
ORDZ00448,2021-10-07,17:17:44,Dinner,NS,"[('Shrimp', 5), ('Pasta', 3), ('Salmon', 3), ('Fish&Chips', 3)]",580.5,-37.8191206,144.9597134,0,8.903,15.1687989
ORDY02028,2021-01-28,08:50:42,Breakfast,TP,"[('Cereal', 8), ('Coffee', 9), ('Pancake', 9), ('Eggs', 8)]",577.75,-37.8047541,145.0032154,0,12.55,15.6103159
ORDK02865,2021-05-09,12:13:31,Lunch,BK,"[('Fries', 1), ('Burger', 3), ('Salad', 10)]",277.0,-37.8253619,144.9569777,0,8.863,17.3862007
ORDB03736,2021-12-17,19:39:43,Dinner,TP,"[('Salmon', 10), ('Pasta', 8)]",630.0,-37.8150466,144.960811,0,8.21,12.3202172
ORDC06942,2021-01-21,08:40:33,Breakfast,NS,"[('Coffee', 6), ('Pancake', 8)]",211.0,-37.7990905,144.9928413,0,8.38,13.12346
ORDA11068,2021-06-04,13:04:13,Lunch,BK,"[('Salad', 5), ('Steak', 8), ('Fries', 6), ('Chicken', 9)]",806.0,-37.8153659,144.9354149,0,10.167,16.0262971
ORDJ02433,2021-03-14,10:21:58,Breakfast,TP,"[('Pancake', 1), ('Eggs', 5)]",127.25,-37.818696,144.9829558,0,9.049,13.1922299
ORDA05232,2021-11-16,18:38:52,Dinner,BK,"[('Salmon', 9), ('Pasta', 7), ('Fish&Chips', 10)]",911.5,-37.8113504,144.9534781,0,8.377,15.3925456
ORDC02432,2021-02-02,09:00:50,Breakfast,NS,"[('Coffee', 9), ('Cereal', 4)]",129.5,-37.8208637,144.9206343,0,11.993,16.6273978
ORDK08875,2021-12-30,20:00:00,Dinner,BK,"[('Pasta', 4), ('Salmon', 10), ('Fish&Chips', 4)]",660.0,-37.8105343,144.9757192,0,6.517,13.451975
ORDB01140,2021-01-04,08:00:00,Breakfast,TP,"[('Cereal', 10), ('Coffee', 9), ('Eggs', 8), ('Pancake', 8)]",595.5,-37.800397,144.9726155,1,10.092,6.3118586
ORDI10141,2021-04-24,11:43:05,Breakfast,NS,"[('Coffee', 9), ('Eggs', 9), ('Pancake', 6), ('Cereal', 3)]",432.0,-37.8141871,144.9502546,0,10.966,18.1864363
ORDK02561,2021-01-12,08:20:16,Breakfast,BK,"[('Eggs', 4), ('Cereal', 2)]",124.0,-37.791144,144.9368632,1,10.928,7.6000433
ORDK06678,2021-11-02,18:08:27,Dinner,BK,"[('Fish&Chips', 2), ('Shrimp', 5), ('Pasta', 1)]",367.5,-37.8087586,144.9467904,0,9.068,16.339815
ORDY06175,2021-07-09,14:15:12,Lunch,TP,"[('Salad', 4), ('Burger', 4)]",192.8,-37.8137302,144.9409476,0,10.018,13.3435727
ORDB10787,2021-01-03,08:00:00,Breakfast,TP,"[('Cereal', 7), ('Coffee', 7), ('Eggs', 4)]",262.5,-37.8164671,144.9972205,1,10.507,7.0298972
ORDY05938,2021-02-02,09:00:50,Breakfast,TP,"[('Coffee', 9), ('Cereal', 1)]",69.5,-37.8240071,144.9344647,0,10.111,12.6051124
ORDK03864,2021-05-04,12:03:22,Lunch,BK,"[('Fries', 4), ('Steak', 9), ('Salad', 4), ('Burger', 8)]",769.8,-37.8106671,144.9715857,0,6.843,12.4901975
ORDC05740,2021-07-18,14:35:29,Lunch,NS,"[('Salad', 5), ('Fries', 4), ('Steak', 2), ('Burger', 2)]",286.0,-37.8178928,145.008265,0,10.804,18.3823935
ORDJ02229,2021-08-23,15:46:28,Lunch,TP,"[('Chicken', 10), ('Burger', 3), ('Steak', 10)]",863.0,-37.8213537,144.9525075,0,8.46,12.4833976
ORDY07978,2021-06-29,13:54:55,Lunch,TP,"[('Salad', 7), ('Steak', 1), ('Burger', 5), ('Chicken', 2)]",384.4,-37.8209525,144.9480914,0,8.915,12.296919
ORDI02993,2021-04-28,11:53:14,Breakfast,NS,"[('Coffee', 3), ('Pancake', 9), ('Cereal', 2)]",256.75,-37.8058459,144.9274603,0,9.962,16.0521332
ORDC01061,2021-08-02,15:05:54,Lunch,NS,"[('Salad', 7), ('Fries', 6), ('Burger', 7), ('Chicken', 3), ('Steak', 7)]",820.4,-37.8062908,144.9591716,0,7.671,13.4976528
ORDB03291,2021-11-11,18:28:43,Dinner,TP,"[('Salmon', 10), ('Shrimp', 7), ('Fish&Chips', 10)]",1138.0,-37.8160421,144.9286688,0,11.612,15.1202856
ORDC02087,2021-01-16,08:30:25,Breakfast,NS,"[('Cereal', 4), ('Pancake', 1), ('Eggs', 1)]",123.25,-37.8057346,144.9439706,1,9.033,7.2962113
ORDY07528,2021-05-01,11:53:14,Breakfast,TP,"[('Coffee', 1), ('Eggs', 10), ('Pancake', 1), ('Cereal', 3)]",297.75,-37.823493,144.980533,0,8.477,12.3882394
ORDA01350,2021-09-24,16:47:19,Dinner,BK,"[('Pasta', 6), ('Salmon', 8), ('Shrimp', 9)]",979.0,-37.8087369,144.9746113,0,6.451,13.077157
ORDK04868,2021-05-13,12:23:39,Lunch,BK,"[('Burger', 5), ('Chicken', 9), ('Fries', 9), ('Salad', 7), ('Steak', 10)]",1121.4,-37.8164343,144.9653077,0,7.663,13.9840554
ORDB01443,2021-11-24,18:49:00,Dinner,TP,"[('Salmon', 10), ('Shrimp', 2), ('Pasta', 1)]",545.5,-37.8196575,144.9756073,0,8.354,12.4180422
ORDX07626,2021-03-28,10:52:23,Breakfast,BK,"[('Eggs', 9), ('Cereal', 7), ('Pancake', 9)]",529.25,-37.8143343,144.9390043,0,9.804,17.2999031
ORDJ02867,2021-05-28,12:54:05,Lunch,TP,"[('Steak', 6), ('Chicken', 3), ('Fries', 8), ('Burger', 7)]",679.0,-37.820156,144.9669682,0,7.461,10.8246021
ORDZ08328,2021-04-21,11:32:57,Breakfast,NS,"[('Coffee', 8), ('Eggs', 9), ('Cereal', 4), ('Pancake', 2)]",357.5,-37.825289,144.9427067,0,10.71,16.391111
ORDA08680,2021-08-07,15:16:03,Lunch,BK,"[('Steak', 9), ('Chicken', 10), ('Fries', 9), ('Burger', 8), ('Salad', 1)]",1098.2,-37.8197216,144.9681685,0,7.723,16.0804615
ORDB05203,2021-04-28,11:53:14,Breakfast,TP,"[('Eggs', 1), ('Pancake', 4)]",110.0,-37.8057961,144.9295725,0,11.851,14.2999257
ORDI10802,2021-02-27,09:51:32,Breakfast,NS,"[('Coffee', 3), ('Cereal', 10), ('Eggs', 2)]",258.5,-37.822412,144.9676185,0,8.944,16.0409111
ORDZ05069,2021-02-25,09:51:32,Breakfast,NS,"[('Eggs', 5), ('Pancake', 5)]",216.25,-37.8193166,144.9621428,0,8.873,13.3985121
ORDI05163,2021-01-04,08:00:00,Breakfast,NS,"[('Pancake', 10), ('Eggs', 7)]",369.5,-37.800397,144.9726155,1,6.362,5.8908261
ORDI05322,2021-09-22,16:47:19,Dinner,NS,"[('Pasta', 1), ('Shrimp', 10), ('Fish&Chips', 10)]",917.5,-37.8151172,144.9840884,0,8.609,14.4907409
ORDA05959,2021-02-12,09:21:07,Breakfast,BK,"[('Pancake', 8), ('Coffee', 4), ('Eggs', 1)]",221.0,-37.8224967,144.9836975,0,6.783,11.6666751
ORDA01174,2021-04-26,11:43:05,Breakfast,BK,"[('Cereal', 6), ('Coffee', 3), ('Eggs', 7)]",283.5,-37.805928,144.9320632,0,10.378,15.0006557
ORDJ07482,2021-06-20,13:34:38,Lunch,TP,"[('Salad', 9), ('Chicken', 8)]",410.8,-37.8066692,144.9624905,0,9.0,14.1665796
ORDI09602,2021-02-14,09:21:07,Breakfast,NS,"[('Cereal', 10), ('Eggs', 5), ('Coffee', 10)]",360.0,-37.7997729,144.9636234,0,6.807,14.0166231
ORDI07442,2021-05-03,12:03:22,Lunch,NS,"[('Chicken', 7), ('Salad', 2), ('Burger', 10), ('Steak', 4), ('Fries', 1)]",760.4,-37.8121813,144.9737879,0,7.626,13.2164722
ORDJ10475,2021-03-31,10:52:23,Breakfast,TP,"[('Pancake', 4), ('Cereal', 8), ('Coffee', 1), ('Eggs', 1)]",275.5,-37.8200259,144.9718506,0,7.898,10.3880571
ORDI04725,2021-03-15,10:21:58,Breakfast,NS,"[('Pancake', 3), ('Eggs', 6), ('Cereal', 7)]",332.75,-37.8003498,144.9796436,0,7.055,11.8532995
ORDC06369,2021-04-09,11:12:40,Breakfast,NS,"[('Coffee', 6), ('Cereal', 2), ('Pancake', 4), ('Eggs', 1)]",183.0,-37.8188302,144.9567625,0,9.02,13.8239791
ORDX00191,2021-05-28,12:54:05,Lunch,BK,"[('Salad', 1), ('Burger', 3), ('Steak', 2)]",200.2,-37.8204441,144.9662661,0,7.959,13.8805349
ORDK07998,2021-06-17,13:34:38,Lunch,BK,"[('Burger', 9), ('Salad', 8)]",416.6,-37.807405,144.9438853,0,9.316,15.3520488
ORDB09251,2021-10-07,17:17:44,Dinner,TP,"[('Pasta', 5), ('Shrimp', 10), ('Salmon', 9), ('Fish&Chips', 5)]",1221.5,-37.8118467,144.9558164,0,8.71,13.2209472
ORDK10038,2021-11-02,18:08:27,Dinner,BK,"[('Pasta', 9), ('Salmon', 7)]",534.5,-37.8059265,144.9440056,0,7.755,16.1747975
ORDY08194,2021-10-27,17:48:10,Dinner,TP,"[('Salmon', 6), ('Shrimp', 3), ('Fish&Chips', 2), ('Pasta', 5)]",615.5,-37.8226209,145.0106927,0,11.576,15.0135694
ORDZ10065,2021-04-23,11:43:05,Breakfast,NS,"[('Cereal', 3), ('Pancake', 1), ('Coffee', 2), ('Eggs', 10)]",303.25,-37.8149933,144.9502868,0,10.204,15.1631493
ORDA04099,2021-01-23,08:40:33,Breakfast,BK,"[('Coffee', 6), ('Pancake', 2)]",77.5,-37.8115862,144.9607597,0,9.28,15.0551685
ORDX08444,2021-03-05,10:01:41,Breakfast,BK,"[('Cereal', 6), ('Eggs', 10), ('Pancake', 1), ('Coffee', 7)]",390.75,145.0028892,-37.8039769,0,5.165,10.3916824
ORDC07793,2021-02-23,09:41:24,Breakfast,NS,"[('Eggs', 9), ('Coffee', 2), ('Cereal', 4)]",280.0,-37.7998732,144.9541422,0,7.682,12.9730948
ORDY03975,2021-08-29,15:56:37,Lunch,TP,"[('Fries', 10), ('Salad', 4), ('Burger', 10), ('Steak', 7), ('Chicken', 3)]",909.8,-37.8048891,144.9880041,0,10.569,15.2331703
ORDI10251,2021-07-19,14:35:29,Lunch,NS,"[('Chicken', 3), ('Burger', 2), ('Fries', 6), ('Steak', 4)]",410.0,-37.8183617,145.0039538,0,10.504,15.9865318
ORDA10102,2021-04-12,11:12:40,Breakfast,BK,"[('Cereal', 3), ('Eggs', 2)]",102.0,-37.8191367,144.984824,0,6.361,11.2095431
ORDC11087,2021-05-21,12:33:48,Lunch,NS,"[('Salad', 10), ('Fries', 10), ('Steak', 5), ('Chicken', 9), ('Burger', 6)]",991.0,-37.8141701,144.9558816,0,8.431,13.8367308
ORDJ10973,2021-04-15,11:22:49,Breakfast,TP,"[('Coffee', 4), ('Cereal', 4), ('Pancake', 5)]",213.25,-37.8240109,144.9830631,0,8.712,11.5279613
ORDY08521,2021-10-26,17:48:10,Dinner,TP,"[('Shrimp', 4), ('Pasta', 2), ('Fish&Chips', 4), ('Salmon', 8)]",739.0,-37.8161974,144.9639882,0,7.784,12.1640036
ORDX05617,2021-10-24,17:48:10,Dinner,BK,"[('Pasta', 9), ('Fish&Chips', 3), ('Salmon', 9)]",721.5,-37.8159454,144.9930088,0,5.229,14.5072926
ORDC10900,2021-02-26,09:51:32,Breakfast,NS,"[('Coffee', 8), ('Eggs', 9), ('Cereal', 6), ('Pancake', 5)]",464.25,-37.8189152,144.9649663,0,8.658,13.6439456
ORDI04822,2021-10-04,17:07:36,Dinner,NS,"[('Salmon', 1), ('Pasta', 7), ('Fish&Chips', 8)]",513.5,-37.804659,144.9534312,0,8.082,14.0868611
ORDZ06801,2021-09-29,16:57:27,Dinner,NS,"[('Fish&Chips', 6), ('Salmon', 8), ('Pasta', 10)]",813.0,-37.8066565,144.9451975,0,9.154,14.7837376
ORDI08044,2021-08-12,15:26:11,Lunch,NS,"[('Burger', 7), ('Chicken', 3), ('Salad', 3)]",364.6,-37.8095507,144.9907512,0,8.6,14.1615599
ORDK04139,2021-09-24,16:47:19,Dinner,BK,"[('Shrimp', 6), ('Fish&Chips', 2)]",394.0,-37.8214426,144.9573199,0,8.491,15.1458713
ORDJ10870,2021-05-27,12:43:56,Lunch,TP,"[('Chicken', 2), ('Steak', 1), ('Fries', 8)]",205.0,-37.8154782,144.95394,0,8.64,11.7651292
ORDK00664,2021-08-13,15:26:11,Lunch,BK,"[('Fries', 9), ('Chicken', 8), ('Steak', 3)]",499.0,-37.8119424,144.9456933,0,9.302,15.6958618
ORDX10833,2021-02-12,09:21:07,Breakfast,BK,"[('Cereal', 6), ('Coffee', 7), ('Pancake', 2)]",203.0,-37.8240925,145.0028527,0,5.122,10.0973691
ORDX08215,2021-09-09,16:16:54,Dinner,BK,"[('Fish&Chips', 5), ('Salmon', 3), ('Pasta', 3)]",380.5,-37.8241121,144.9771169,0,7.466,13.9039903
ORDA00381,2021-08-17,15:36:20,Lunch,BK,"[('Steak', 1), ('Burger', 9), ('Salad', 4)]",392.8,-37.7996234,144.9354344,0,12.753,19.1275984
ORDB02796,2021-03-20,10:32:06,Breakfast,TP,"[('Coffee', 5), ('Eggs', 7), ('Pancake', 5), ('Cereal', 2)]",325.75,-37.8090207,144.9289276,0,11.175,15.1331005
ORDA04996,2021-01-05,08:00:00,Breakfast,BK,"[('Coffee', 7), ('Eggs', 3), ('Pancake', 5), ('Cereal', 6)]",332.75,-37.7989598,144.9842738,1,6.552,5.3531189
ORDI11095,2021-09-26,16:57:27,Dinner,NS,"[('Salmon', 7), ('Shrimp', 2)]",395.0,-37.8119116,144.9665763,0,7.599,16.1713601
ORDK04601,2021-08-24,15:46:28,Lunch,BK,"[('Fries', 6), ('Chicken', 2)]",136.0,-37.8210557,144.943505,0,9.724,15.4631975
ORDA05560,2021-05-31,12:54:05,Lunch,BK,"[('Burger', 8), ('Chicken', 4), ('Steak', 6), ('Salad', 5)]",732.0,-37.8065109,144.9427983,0,9.414,15.8912769
ORDI10849,2021-03-25,10:42:15,Breakfast,NS,"[('Cereal', 3), ('Pancake', 2)]",104.5,-37.806265,144.9366029,0,9.792,14.3782854
ORDK07646,2021-11-17,18:38:52,Dinner,BK,"[('Fish&Chips', 9), ('Shrimp', 9), ('Salmon', 8)]",1129.0,-37.8114189,144.9528408,0,8.447,15.1999786
ORDX01046,2021-04-23,11:43:05,Breakfast,BK,"[('Eggs', 10), ('Cereal', 7), ('Pancake', 3)]",416.75,-37.8148863,144.9494674,0,9.472,14.2128325
ORDJ03936,2021-10-01,16:57:27,Dinner,TP,"[('Salmon', 3), ('Pasta', 10)]",398.0,-37.8064033,144.9554734,0,9.296,13.1935361
ORDK09213,2021-06-11,13:14:21,Lunch,BK,"[('Steak', 6), ('Fries', 10), ('Salad', 6)]",493.2,-37.8248451,144.9828261,0,7.097,13.2164959
ORDX09190,2021-06-12,13:24:30,Lunch,BK,"[('Burger', 8), ('Chicken', 3)]",344.0,-37.8244871,144.9846353,0,6.843,15.6245266
ORDZ08572,2021-10-02,17:07:36,Dinner,NS,"[('Salmon', 7), ('Fish&Chips', 9), ('Shrimp', 1), ('Pasta', 6)]",821.0,-37.8100895,144.9478642,0,8.887,16.952351
ORDK09948,2021-07-10,14:15:12,Lunch,BK,"[('Fries', 3), ('Burger', 8), ('Chicken', 5)]",444.0,-37.8142662,145.0110929,0,3.77,11.8524617
ORDK06976,2021-07-11,14:15:12,Lunch,BK,"[('Steak', 8), ('Salad', 3)]",411.6,-37.8136019,144.9648752,0,7.603,15.8801229
ORDX02182,2021-20-05,12:33:48,Lunch,BK,"[('Burger', 9), ('Fries', 2), ('Salad', 7)]",423.4,-37.8145113,144.9383584,0,9.867,15.7632449
ORDK04787,2021-02-07,09:10:59,Dinner,BK,"[('Coffee', 10), ('Eggs', 2)]",97.0,-37.8273825,144.9879984,0,7.521,15.2775179
ORDC06312,2021-09-23,16:47:19,Dinner,NS,"[('Shrimp', 9), ('Pasta', 8), ('Fish&Chips', 6), ('Salmon', 7)]",1203.0,-37.8095663,144.9836123,0,4.998,14.0156407
ORDJ00479,2021-11-01,18:08:27,Dinner,TP,"[('Shrimp', 3), ('Salmon', 5)]",367.0,-37.815595,144.9582182,0,8.185,12.8565022
ORDB00055,2021-04-10,11:12:40,Breakfast,tp,"[('Pancake', 4), ('Cereal', 5)]",189.0,-37.8199186,144.9824704,0,9.079,12.9005948
ORDA04614,2021-09-29,16:57:27,Dinner,BK,"[('Shrimp', 8), ('Fish&Chips', 2), ('Salmon', 4), ('Pasta', 3)]",748.5,-37.8045292,144.9576841,0,8.031,14.78482
ORDB08272,2021-11-04,18:08:27,Dinner,TP,"[('Shrimp', 9), ('Fish&Chips', 5), ('Salmon', 9), ('Pasta', 2)]",1085.0,-37.8188457,144.9533231,0,8.511,12.537142
ORDI08029,2021-02-01,09:00:50,Breakfast,NS,"[('Pancake', 6), ('Cereal', 8), ('Coffee', 4)]",315.5,-37.8050795,144.9745234,0,6.836,12.0781876
ORDY09800,2021-03-28,10:52:23,Breakfast,TP,"[('Coffee', 10), ('Cereal', 3), ('Eggs', 8), ('Pancake', 10)]",505.5,-37.8139564,144.9379502,0,10.376,14.2021827
ORDK09320,2021-03-05,10:01:41,Breakfast,BK,"[('Eggs', 5), ('Coffee', 7), ('Pancake', 9)]",343.75,-37.8039021,145.0039682,0,5.263,9.9283761
ORDX09882,2021-03-05,10:01:41,Breakfast,BK,"[('Coffee', 6), ('Eggs', 8), ('Cereal', 9), ('Pancake', 2)]",425.5,-37.820953,144.9475811,0,9.317,13.9160081
ORDI00747,2021-07-08,14:15:12,Lunch,NS,"[('Fries', 1), ('Steak', 9)]",417.0,-37.8130127,144.9389462,0,10.272,15.9250624
ORDA02984,2021-06-16,13:24:30,Lunch,BK,"[('Chicken', 3), ('Steak', 5), ('Fries', 9), ('Salad', 7)]",549.4,-37.8079193,144.9731808,0,6.51,11.8433881
ORDX05538,2021-03-04,10:01:41,Breakfast,BK,"[('Pancake', 1), ('Coffee', 8), ('Eggs', 7)]",213.25,-37.8129859,144.9393261,0,9.778,14.4891801
ORDI06961,2021-05-30,12:54:05,Dinner,NS,"[('Fries', 10), ('Chicken', 5), ('Salad', 3), ('Steak', 4)]",511.6,-37.8129622,144.9907104,0,8.951,16.7706713
ORDY05722,2021-08-25,15:46:28,Lunch,TP,"[('Steak', 10), ('Salad', 7), ('Fries', 2), ('Burger', 5)]",749.4,-37.8116326,144.9566842,0,8.664,11.9232872
ORDI08326,2021-05-10,12:13:31,Lunch,NS,"[('Chicken', 3), ('Fries', 3)]",132.0,-37.8222803,144.9536732,0,9.744,15.5568011
ORDX07596,2021-04-13,11:22:49,Breakfast,BK,"[('Coffee', 5), ('Eggs', 4), ('Pancake', 2), ('Cereal', 2)]",196.0,-37.8202406,144.9854959,1,6.309,10.7536813
ORDC03345,2021-09-14,16:27:02,Dinner,NS,"[('Salmon', 4), ('Shrimp', 7), ('Fish&Chips', 5), ('Pasta', 3)]",799.5,-37.8251249,144.9919938,0,9.793,15.6958908
ORDC09852,2021-12-08,15:26:11,Lunch,NS,"[('Chicken', 9), ('Burger', 5), ('Steak', 3)]",578.0,-37.8053812,144.987412,0,7.989,13.3751668
ORDK09810,2021-03-28,10:52:23,Breakfast,bk,"[('Pancake', 4), ('Coffee', 3), ('Cereal', 4), ('Eggs', 3)]",248.5,-37.814368,144.9382372,0,9.894,17.6584593
ORDA04536,2021-08-03,15:05:54,Lunch,BK,"[('Steak', 6), ('Burger', 9), ('Fries', 2), ('Chicken', 7)]",797.0,-37.804441,144.9648561,0,7.464,13.4959785
ORDY10467,2021-07-26,14:45:38,Lunch,TP,"[('Steak', 8), ('Chicken', 9)]",648.0,-37.8125999,144.9539031,0,8.836,12.3965897
ORDX06610,2021-08-31,15:56:37,Lunch,BK,"[('Salad', 9), ('Chicken', 10), ('Burger', 9), ('Fries', 2), ('Steak', 7)]",1092.8,-37.8095778,144.963772,0,7.388,13.316835
ORDB10459,2021-03-03,10:01:41,Breakfast,TP,"[('Shrimp', 3), ('Pancake', 6)]",196.5,-37.8158245,144.9326915,0,11.011,12.7922798
ORDX02444,2021-12-30,20:00:00,Dinner,BK,"[('Salmon', 6), ('Fish&Chips', 8), ('Shrimp', 1)]",580.0,-37.8242288,144.9848327,0,6.683,13.6619587
ORDC08419,2021-11-29,18:59:09,Dinner,NS,"[('Salmon', 9), ('Shrimp', 1), ('Pasta', 1), ('Fish&Chips', 6)]",660.5,-37.8034982,144.9486654,0,8.425,14.4770309
ORDA05254,2021-09-29,16:57:27,Dinner,BK,"[('Pasta', 7), ('Fish&Chips', 1), ('Shrimp', 10)]",767.5,-37.8078068,144.9614027,1,7.593,14.4262133
ORDJ02869,2021-02-09,09:10:59,Breakfast,TP,"[('Cereal', 5), ('Eggs', 2)]",142.0,-37.8195513,144.9931641,0,10.016,12.5717497
ORDA06670,2021-08-23,15:46:28,Lunch,BK,"[('Chicken', 8), ('Steak', 1), ('Fries', 4), ('Burger', 6)]",535.0,-37.7997331,144.9460289,0,9.254,14.9224248
ORDY10996,2021-07-24,14:45:38,Lunch,TP,"[('Salad', 6), ('Chicken', 10)]",423.2,-37.820997,144.9551426,0,8.175,13.2415853
ORDX00904,2021-11-02,18:08:27,Dinner,BK,"[('Shrimp', 10), ('Salmon', 10), ('Fish&Chips', 8), ('Pasta', 4)]",1340.0,-37.8064702,144.9468763,0,8.992,15.8301355
ORDI08597,2021-11-30,18:59:09,Dinner,NS,"[('Fish&Chips', 10), ('Shrimp', 10)]",890.0,-37.8185916,144.9701407,0,8.438,14.936322
ORDC09830,2021-04-01,10:52:23,Breakfast,NS,"[('Cereal', 3), ('Pancake', 1), ('Coffee', 10), ('Eggs', 2)]",179.25,-37.8019896,144.9662653,0,6.601,11.4500532
ORDK06241,2021-03-31,10:52:23,Breakfast,BK,"[('Pancake', 4), ('Eggs', 9), ('Coffee', 2), ('Cereal', 9)]",469.0,-37.8250103,144.9495171,0,9.437,13.7880085
ORDJ07248,2021-05-27,12:43:56,Lunch,TP,"[('Salad', 10), ('Steak', 7), ('Fries', 5)]",547.0,-37.811785,144.9887435,0,9.896,13.1673489
ORDJ07995,Tue Jan 12 00:00:00 2021,08:20:16,Breakfast,TP,"[('Eggs', 7), ('Pancake', 10), ('Cereal', 3), ('Coffee', 8)]",473.5,-37.8128704,144.9429994,1,9.833,6.5657561
ORDB05720,2021-01-05,08:00:00,Breakfast,TP,"[('Coffee', 7), ('Pancake', 6), ('Cereal', 9), ('Eggs', 3)]",415.0,-37.8106709,144.9559083,1,8.78,5.6381273
ORDC10435,2021-01-21,08:40:33,Breakfast,NS,"[('Cereal', 2), ('Coffee', 8), ('Pancake', 3), ('Eggs', 10)]",360.75,-37.8162105,144.9607502,0,8.454,13.0548083
ORDI00375,2021-10-11,17:17:44,Dinner,NS,"[('Fish&Chips', 9), ('Salmon', 3), ('Pasta', 1)]",465.5,-37.816432,144.9669977,0,8.195,13.9316612
ORDX05894,2021-10-19,17:38:01,Dinner,BK,"[('Fish&Chips', 1), ('Pasta', 7), ('Shrimp', 1)]",281.5,-37.8012547,144.9626936,0,8.021,14.6967177
ORDX08276,2021-04-11,11:12:40,Breakfast,BK,"[('Cereal', 7), ('Coffee', 3)]",156.5,-37.8193221,144.981828,0,6.578,13.6798425
ORDJ07730,2021-02-14,09:21:07,Breakfast,TP,"[('Cereal', 4), ('Coffee', 3), ('Eggs', 10)]",306.5,-37.8243704,144.9875798,0,9.105,12.9171042
ORDC05296,2021-12-10,19:19:26,Dinner,NS,"[('Shrimp', 1), ('Fish&Chips', 8)]",334.0,-37.8145284,144.9659573,0,7.975,14.434491
ORDK02054,2021-10-20,17:38:01,Dinner,BK,"[('Pasta', 4), ('Fish&Chips', 8), ('Salmon', 10)]",800.0,-37.8088946,144.982575,0,5.689,12.7271682
ORDX10561,2021-08-25,15:46:28,Lunch,BK,"[('Salad', 1), ('Chicken', 6), ('Burger', 5), ('Fries', 8)]",460.2,-37.8187086,144.9552773,0,8.587,14.6370576
ORDI10172,2021-07-25,14:45:38,Lunch,NS,"[('Salad', 8), ('Chicken', 9), ('Fries', 9), ('Burger', 5)]",688.6,-37.821922,144.9737985,0,9.138,16.7723263
ORDC05274,2021-04-22,11:43:05,Breakfast,NS,"[('Eggs', 7), ('Cereal', 8), ('Pancake', 7), ('Coffee', 1)]",468.25,-37.8170411,144.9507927,0,9.649,14.2724289
ORDX00540,2021-03-22,10:32:06,Breakfast,BK,"[('Eggs', 6), ('Cereal', 9), ('Coffee', 6), ('Pancake', 5)]",450.25,-37.7989484,144.9538956,0,8.645,13.3649776
ORDX09799,2021-09-02,16:06:45,Dinner,BK,"[('Fish&Chips', 4), ('Pasta', 5), ('Shrimp', 8), ('Salmon', 6)]",955.5,-37.8081909,144.9732485,0,6.524,13.1138298
ORDI05916,2021-09-24,16:47:19,Dinner,NS,"[('Fish&Chips', 4), ('Shrimp', 7), ('Pasta', 9), ('Salmon', 2)]",847.5,-37.8087369,144.9746113,0,7.287,13.4898212
ORDY05573,2021-09-12,16:27:02,Dinner,TP,"[('Fish&Chips', 9), ('Shrimp', 5), ('Pasta', 10), ('Salmon', 4)]",1024.0,-37.8006096,144.9702257,0,9.962,15.1154763
ORDY02502,2021-01-06,08:10:08,Breakfast,TP,"[('Cereal', 4), ('Pancake', 1)]",102.25,-37.8094204,144.9316707,1,10.934,6.4902276
ORDJ07053,2021-11-10,18:18:35,Dinner,TP,"[('Pasta', 3), ('Salmon', 6)]",328.5,-37.8032481,144.949899,0,9.953,13.4009657
ORDJ10948,2021-02-18,09:31:16,Breakfast,TP,"[('Cereal', 4), ('Pancake', 5)]",191.25,-37.8253714,144.9569509,0,8.097,10.6981389
ORDI08138,2021-02-23,09:41:24,Breakfast,NS,"[('Coffee', 6), ('Eggs', 3), ('Pancake', 3), ('Cereal', 7)]",302.75,-37.8041457,144.9458837,0,8.73,13.6557908
ORDB05474,2021-06-30,13:54:55,Lunch,TP,"[('Fries', 3), ('Steak', 7), ('Salad', 9), ('Chicken', 4)]",633.8,-37.8194359,144.9526438,0,8.551,11.6242159
ORDZ04759,2021-12-16,19:29:34,Dinner,NS,"[('Pasta', 7), ('Fish&Chips', 4), ('Shrimp', 7), ('Salmon', 10)]",1120.5,-37.8133132,144.9737721,0,7.66,14.0126672
ORDX03163,2021-02-09,09:10:59,Breakfast,BK,"[('Eggs', 3), ('Cereal', 3), ('Coffee', 1)]",128.5,-37.8225448,144.991686,0,5.936,10.7019113
ORDZ04176,2021-12-10,19:19:26,Dinner,NS,"[('Shrimp', 4), ('Fish&Chips', 7)]",461.0,-37.8070349,144.9626583,0,7.403,13.5238542
ORDA04945,2021-10-14,17:27:53,Dinner,BK,"[('Salmon', 7), ('Shrimp', 2), ('Fish&Chips', 2)]",465.0,-37.8083907,144.9781213,0,6.232,13.3289505
ORDA07748,2021-08-20,15:36:20,Lunch,BK,"[('Steak', 10), ('Chicken', 8), ('Fries', 10)]",826.0,-37.8097225,144.9903011,0,4.998,10.4230972
ORDY06368,2021-08-22,15:36:20,Lunch,TP,"[('Fries', 8), ('Salad', 8)]",233.6,-37.8142265,144.963182,0,8.019,12.6182226
ORDZ07064,2021-01-19,08:30:25,Breakfast,NS,"[('Cereal', 10), ('Eggs', 9)]",389.0,-37.7998331,144.9398347,0,8.944,14.1472431
ORDZ01165,2021-10-17,17:38:01,Dinner,NS,"[('Salmon', 7), ('Pasta', 3), ('Shrimp', 1), ('Fish&Chips', 8)]",703.5,-37.8097468,144.9925222,0,8.797,16.0775429
ORDJ00913,2021-05-21,12:33:48,Lunch,TP,"[('Chicken', 5), ('Salad', 5), ('Steak', 7), ('Fries', 8), ('Burger', 2)]",719.0,-37.8118104,144.9392242,0,10.358,14.0193514
ORDC08569,2021-10-11,17:17:44,Dinner,NS,"[('Pasta', 5), ('Salmon', 2), ('Fish&Chips', 6)]",429.5,-37.8194552,145.01596,0,12.009,17.3331702
ORDJ05420,2021-10-10,17:17:44,Dinner,TP,"[('Pasta', 3), ('Salmon', 3), ('Shrimp', 9), ('Fish&Chips', 5)]",866.5,-37.8058242,144.9366869,0,10.628,15.306902
ORDY01436,2021-06-26,13:44:47,Lunch,TP,"[('Steak', 6), ('Salad', 9), ('Burger', 3), ('Fries', 1)]",529.8,-37.8025337,144.9445452,0,10.322,15.3173722
ORDZ01732,2021-04-19,11:32:57,Breakfast,NS,"[('Pancake', 4), ('Coffee', 5), ('Cereal', 8), ('Eggs', 7)]",423.5,-37.8231165,144.9708702,0,8.998,13.9673654
ORDA05800,2021-09-22,16:47:19,Dinner,BK,"[('Salmon', 4), ('Pasta', 8), ('Fish&Chips', 1)]",419.0,-37.8141396,144.9888458,0,5.546,12.4022089
ORDY08878,2021-08-03,15:05:54,Lunch,TP,"[('Burger', 4), ('Fries', 4)]",172.0,-37.8002658,144.9625905,0,9.731,13.5343684
ORDK04420,2021-03-25,10:42:15,Breakfast,BK,"[('Pancake', 7), ('Coffee', 6), ('Eggs', 8), ('Cereal', 7)]",496.75,-37.807841,144.938431,0,10.139,14.9657857
ORDB04826,2021-07-12,14:25:21,Lunch,TP,"[('Steak', 5), ('Chicken', 2), ('Burger', 4), ('Salad', 6), ('Fries', 6)]",588.2,-37.8016497,144.9874269,0,10.721,14.0193858
ORDB08179,2021-02-02,09:00:50,Breakfast,TP,"[('Coffee', 10), ('Eggs', 4), ('Cereal', 2), ('Pancake', 8)]",357.0,-37.8117618,144.9859257,0,9.613,12.2999889
ORDC04842,2021-04-06,11:02:32,Breakfast,NS,"[('Eggs', 2), ('Pancake', 9), ('Coffee', 1)]",247.75,-37.8142178,144.9901061,0,9.005,14.5599648
ORDY10860,2021-07-01,13:54:55,Lunch,TP,"[('Steak', 8), ('Chicken', 5), ('Fries', 3), ('Salad', 1)]",573.2,-37.818057,144.9676608,0,7.711,10.5732377
ORDI01965,2021-02-27,09:51:32,Breakfast,NS,"[('Eggs', 5), ('Coffee', 6)]",138.0,-37.8093318,145.0097176,0,10.167,17.8726422
ORDA07917,2021-09-16,16:27:02,Dinner,BK,"[('Salmon', 10), ('Fish&Chips', 10), ('Pasta', 9), ('Shrimp', 6)]",1331.5,-37.8097457,144.9913426,0,4.897,11.8064591
ORDA03146,2021-09-15,16:27:02,Dinner,BK,"[('Fish&Chips', 6), ('Shrimp', 3), ('Salmon', 8)]",700.0,-37.809039,144.9719353,0,7.233,14.1710463
ORDJ05768,2021-07-21,14:35:29,Lunch,TP,"[('Fries', 10), ('Burger', 4), ('Steak', 6), ('Chicken', 10)]",834.0,-37.8167163,145.0071935,0,11.431,14.6720674
ORDK08631,2021-03-10,10:11:49,Breakfast,BK,"[('Pancake', 7), ('Coffee', 5), ('Eggs', 8)]",351.25,-37.801844,144.9813581,0,6.546,11.554921
ORDK01712,2021-12-15,19:29:34,Dinner,BK,"[('Shrimp', 10), ('Pasta', 9), ('Salmon', 7), ('Fish&Chips', 2)]",1144.5,-37.8140677,144.9713268,0,7.071,14.2716495
ORDY08505,2021-02-25,09:41:24,Breakfast,TP,"[('Coffee', 3), ('Cereal', 2), ('Eggs', 10), ('Pancake', 1)]",288.75,-37.8211049,144.955026,0,8.185,10.5365992
ORDK00312,2021-03-29,10:52:23,Breakfast,BK,"[('Pancake', 8), ('Cereal', 2)]",218.0,-37.819452,145.0037269,0,4.588,9.5671053
ORDX05423,2021-06-07,13:14:21,Lunch,BK,"[('Fries', 2), ('Steak', 10), ('Burger', 8), ('Chicken', 5)]",882.0,-37.814917,144.9452473,0,9.136,14.6810576
ORDY02325,2021-02-15,09:31:16,Breakfast,TP,"[('Eggs', 6), ('Coffee', 7)]",164.5,-37.8269391,145.0094593,0,11.743,13.7878867
ORDK03643,2021-12-09,19:19:26,Dinner,BK,"[('Shrimp', 7), ('Pasta', 1), ('Fish&Chips', 2)]",475.5,-37.8154836,144.9666807,0,7.507,14.1748326
ORDJ10022,2021-05-16,12:23:39,Lunch,TP,"[('Burger', 3), ('Steak', 2), ('Chicken', 2), ('Fries', 5), ('Salad', 6)]",410.2,-37.8139919,144.9634634,0,8.051,12.9803458
ORDA03292,2021-03-25,10:42:15,Breakfast,BK,"[('Coffee', 10), ('Cereal', 1), ('Eggs', 10)]",285.0,-37.8207161,144.9630537,0,8.077,12.7656243
ORDA08938,2021-03-24,10:42:15,Breakfast,BK,"[('Eggs', 4), ('Cereal', 8), ('Coffee', 6), ('Pancake', 3)]",343.75,-37.8093099,144.9526406,0,8.476,13.5200374
ORDK08977,2021-09-10,16:16:54,Dinner,BK,"[('Fish&Chips', 9), ('Salmon', 6), ('Pasta', 5)]",698.5,-37.8048419,144.9934812,0,5.344,12.1644627
ORDY07037,2021-09-23,16:47:19,Dinner,TP,"[('Fish&Chips', 10), ('Pasta', 7), ('Salmon', 4)]",706.5,-37.8104417,144.9845384,0,9.598,13.5715618
ORDI10854,2021-05-23,12:43:56,Lunch,NS,"[('Burger', 2), ('Salad', 1), ('Steak', 3), ('Chicken', 3)]",310.2,-37.8134906,144.9310399,0,10.052,17.5993715
ORDX02753,2021-10-09,17:17:44,Dinner,BK,"[('Pasta', 7), ('Fish&Chips', 8), ('Salmon', 6), ('Shrimp', 5)]",988.5,-37.7997165,144.9614491,0,8.265,17.4796011
ORDK03203,2021-11-10,18:18:35,Dinner,BK,"[('Salmon', 3), ('Pasta', 5), ('Shrimp', 6)]",584.5,-37.8035987,144.9497622,0,8.807,15.7609402
ORDC00464,2021-03-20,10:32:06,Breakfast,NS,"[('Pancake', 6), ('Eggs', 10)]",343.5,-37.8056402,144.9731585,0,6.843,13.579075
ORDY02957,2021-10-31,17:58:18,Dinner,TP,"[('Fish&Chips', 2), ('Pasta', 3), ('Salmon', 9)]",521.5,144.9609827,-37.8225724,0,7.584,13.8839251
ORDC03829,2021-11-27,18:59:09,Dinner,NS,"[('Salmon', 4), ('Shrimp', 10)]",704.0,-37.8172889,144.9525992,0,9.028,17.1008194
ORDX04916,2021-02-25,09:41:24,Breakfast,BK,"[('Eggs', 5), ('Coffee', 7)]",143.5,-37.8179522,144.9668213,0,7.537,13.164839
ORDZ01509,2021-04-10,11:12:40,Breakfast,NS,"[('Pancake', 8), ('Eggs', 3)]",241.0,-37.8194217,144.9839965,0,9.129,16.1166564
ORDJ04341,2021-07-18,14:35:29,Lunch,TP,"[('Chicken', 1), ('Steak', 5), ('Fries', 4), ('Burger', 9), ('Salad', 8)]",97.0,-37.8195226,145.0080983,0,11.315,16.0492639
ORDC06289,2021-08-13,15:26:11,Lunch,NS,"[('Fries', 3), ('Burger', 10), ('Chicken', 5), ('Salad', 2), ('Steak', 6)]",810.4,37.7980831,144.9875429,0,7.962,13.4742977
ORDC01292,2021-12-27,20:00:00,Dinner,NS,"[('Fish&Chips', 6), ('Shrimp', 1), ('Pasta', 10)]",539.0,-37.8213321,144.9769858,0,8.751,14.5700609
ORDY02272,2021-12-11,19:19:26,Dinner,TP,"[('Fish&Chips', 6), ('Salmon', 4)]",374.0,-37.8132756,144.9515121,0,9.057,15.1196337
ORDI04077,2021-01-12,08:20:16,Breakfast,NS,"[('Cereal', 7), ('Coffee', 4), ('Pancake', 10), ('Eggs', 6)]",510.5,-37.7906235,144.9370581,1,10.202,7.532405
ORDY07016,2021-04-09,11:12:40,Breakfast,TP,"[('Eggs', 8), ('Pancake', 8)]",346.0,-37.8243787,144.9441878,0,9.106,11.9517218
ORDX05211,2021-08-26,15:46:28,Lunch,BK,"[('Chicken', 6), ('Burger', 10), ('Salad', 7), ('Fries', 2), ('Steak', 10)]",1096.4,-37.821611,144.9362424,0,10.592,16.0691316
ORDZ03987,2021-06-20,13:34:38,Lunch,NS,"[('Salad', 8), ('Chicken', 5), ('Burger', 5)]",452.6,-37.8066897,144.9624533,0,7.386,15.5119827
ORDZ09959,2021-07-06,14:05:04,Lunch,NS,"[('Fries', 8), ('Burger', 3), ('Salad', 6), ('Chicken', 4), ('Steak', 3)]",555.2,-37.8173951,144.9459075,0,9.427,15.4640814
ORDZ09380,2021-10-13,17:27:53,Dinner,NS,"[('Shrimp', 8), ('Fish&Chips', 5)]",607.0,-37.8202297,144.9894253,0,9.353,15.7557065
ORDK06933,2021-09-29,16:57:27,Dinner,BK,"[('Salmon', 5), ('Shrimp', 3), ('Pasta', 9)]",614.5,-37.8083859,144.9477409,0,9.0,15.9368746
ORDY04899,2021-02-26,09:51:32,Breakfast,TP,"[('Cereal', 6), ('Pancake', 7)]",275.75,-37.8190725,144.964908,0,7.64,10.307353
ORDZ07212,2021-08-27,15:56:37,Lunch,NS,"[('Salad', 7), ('Burger', 5)]",275.4,-37.8013695,145.0041559,0,10.592,14.7212162
ORDB05252,2021-08-22,15:36:20,Breakfast,TP,"[('Chicken', 10), ('Steak', 6), ('Salad', 2)]",624.4,-37.8161995,144.9640906,0,7.781,12.9045491
ORDY06639,2021-05-11,12:13:31,Lunch,TP,"[('Burger', 8), ('Chicken', 2)]",312.0,-37.8174124,144.96759,0,7.754,11.7764437
ORDX01771,2021-08-08,15:16:03,Lunch,BK,"[('Fries', 5), ('Steak', 4), ('Chicken', 4), ('Salad', 8)]",1092.8,-37.8183782,144.9653005,0,7.655,15.9410232
ORDZ06940,2021-05-14,12:23:39,Lunch,NS,"[('Steak', 8), ('Fries', 5), ('Chicken', 7)]",644.0,-37.8101376,144.9697646,0,7.182,12.6427664
ORDI04638,2021-07-09,14:15:12,Lunch,NS,"[('Chicken', 8), ('Fries', 8)]",352.0,-37.8134275,144.9410974,0,9.498,15.3429789
ORDJ07703,2021-09-23,16:47:19,Dinner,TP,"[('Shrimp', 8), ('Pasta', 2), ('Fish&Chips', 8), ('Salmon', 1)]",808.0,-37.8101959,144.9822571,0,9.508,13.4255917
ORDY00427,2021-05-29,12:54:05,Lunch,TP,"[('Steak', 6), ('Burger', 8), ('Salad', 10), ('Chicken', 6), ('Fries', 5)]",942.0,-37.8199494,144.9734397,1,7.751,12.3902137
ORDC05040,2021-11-26,18:49:00,Dinner,NS,"[('Shrimp', 1), ('Fish&Chips', 2)]",124.0,-37.8065618,144.9379647,0,9.589,15.2486925
ORDK00760,2021-07-07,14:05:04,Lunch,BK,"[('Fries', 9), ('Steak', 10), ('Salad', 8), ('Chicken', 6)]",887.6,-37.8179866,144.9485207,0,9.154,15.1123251
ORDJ04239,2021-05-24,12:43:56,Lunch,TP,"[('Burger', 8), ('Chicken', 5), ('Salad', 3), ('Fries', 4)]",507.6,-37.8093973,144.9378374,0,10.591,13.6140316
ORDX01733,2021-07-24,14:45:38,Lunch,BK,"[('Steak', 2), ('Burger', 1), ('Chicken', 2), ('Fries', 6), ('Salad', 2)]",291.4,37.8203187,144.9576205,0,8.345,16.3371381
ORDB00298,2021-04-07,11:02:32,Breakfast,TP,"[('Coffee', 8), ('Cereal', 9)]",224.0,-37.8184144,144.9473841,0,9.174,11.5363021
ORDB05947,2021-12-31,20:00:00,Dinner,TP,"[('Pasta', 9), ('Salmon', 5), ('Fish&Chips', 1)]",487.5,144.97591,-37.8097621,0,9.169,12.56566
ORDB03856,2021-06-22,13:44:47,Lunch,TP,"[('Fries', 7), ('Chicken', 6), ('Salad', 5), ('Steak', 4), ('Burger', 2)]",604.0,-37.8062072,144.9538029,0,9.328,12.6889542
ORDK07024,2021-01-23,08:40:33,Breakfast,BK,"[('Coffee', 7), ('Cereal', 10), ('Chicken', 3), ('Eggs', 8)]",473.25,-37.8147307,144.9652522,0,7.598,15.3099418
ORDJ01863,2021-06-27,13:54:55,Lunch,TP,"[('Burger', 4), ('Steak', 8), ('Fries', 4)]",532.0,-37.8054564,144.9971616,1,11.222,15.3564525
ORDJ06345,2021-03-07,10:01:41,Breakfast,TP,"[('Coffee', 9), ('Cereal', 5)]",149.5,-37.8095353,144.9558206,0,8.929,13.2347323
ORDX04044,2021-06-16,13:24:30,Lunch,BK,"[('Chicken', 5), ('Fries', 6), ('Salad', 1)]",249.2,-37.8076777,144.9732605,0,6.535,11.541077
ORDC04550,2021-05-12,12:13:31,Lunch,NS,"[('Fries', 10), ('Steak', 1)]",165.0,-37.8174188,144.9688707,0,8.701,14.2097634
ORDI09688,2021-05-06,12:03:22,Lunch,NS,"[('Steak', 8), ('Fries', 6), ('Chicken', 8)]",249.2,-37.8093223,144.9730396,0,7.255,12.9045841
ORDB01372,2021-04-10,11:12:40,Breakfast,TP,"[('Coffee', 2), ('Pancake', 3)]",77.75,-37.8195848,144.9842554,0,9.255,12.9532385
ORDC00816,2021-06-24,13:44:47,Lunch,NS,"[('Salad', 5), ('Steak', 8)]",446.0,-37.8038752,144.9581944,0,7.55,12.9010074
ORDC05959,2021-11-10,18:18:35,Dinner,NS,"[('Salmon', 2), ('Shrimp', 10), ('Fish&Chips', 6), ('Pasta', 5)]",969.5,-37.8034033,144.9498721,0,8.343,14.5769918
ORDZ08566,2021-10-13,17:27:53,Dinner,NS,"[('Pasta', 8), ('Shrimp', 2)]",328.0,-37.8069141,144.998466,0,9.063,14.86961
ORDZ01250,2021-01-30,08:50:42,Breakfast,NS,"[('Cereal', 4), ('Eggs', 6), ('Coffee', 7)]",244.5,-37.8076554,144.9930602,0,8.585,15.5623115
ORDB09485,2021-08-19,15:36:20,Lunch,TP,"[('Burger', 3), ('Chicken', 9)]",381.0,-37.808638,144.9550102,0,9.022,12.3876311
ORDB00636,2021-04-23,11:43:05,Breakfast,TP,"[('Pancake', 6), ('Cereal', 4)]",213.5,-37.8141838,144.9491295,0,9.726,12.6276659
ORDA11064,2021-05-29,12:54:05,Lunch,NS,"[('Steak', 2), ('Chicken', 4), ('Fries', 5), ('Burger', 3)]",371.0,-37.8137954,144.9718227,0,7.035,15.2129899
ORDB08713,2021-04-20,11:32:57,Breakfast,TP,"[('Cereal', 3), ('Eggs', 1)]",81.0,-37.8250284,144.9452845,0,9.03,12.0105637
ORDI07976,2021-10-10,17:17:44,Dinner,NS,"[('Salmon', 7), ('Pasta', 4)]",397.0,-37.8113898,144.9714697,0,7.451,15.2491046
ORDI02045,2021-02-16,09:31:16,Breakfast,NS,"[('Cereal', 9), ('Eggs', 1), ('Pancake', 10)]",423.5,-37.8241825,144.980334,0,9.175,13.9300316
ORDK08539,2021-10-01,17:07:36,Dinner,BK,"[('Salmon', 7), ('Fish&Chips', 2)]",357.0,-37.8074746,144.9504305,0,8.697,15.5149808
ORDC05798,2021-09-15,16:27:02,Dinner,NS,"[('Shrimp', 5), ('Salmon', 1), ('Pasta', 2)]",430.4,-37.813222,144.951286,0,9.263,15.487377
ORDB07512,2021-01-13,08:20:16,Breakfast,TP,"[('Coffee', 2), ('Pancake', 4)]",100.0,-37.8006057,144.9329271,1,11.413,7.0991558
ORDI04001,2021-02-02,09:00:50,Breakfast,NS,"[('Cereal', 5), ('Pancake', 10), ('Eggs', 7), ('Coffee', 6)]",502.5,-37.8095304,144.9862756,0,8.245,13.194154
ORDK02025,2021-07-12,14:25:21,Lunch,BK,"[('Steak', 3), ('Chicken', 9), ('Fries', 10), ('Burger', 8)]",791.0,-37.800966,144.9870509,0,6.148,12.1466539
ORDX09840,2021-11-13,18:28:43,Dinner,BK,"[('Salmon', 10), ('Shrimp', 10)]",950.0,-37.8233621,144.9417464,0,10.06,19.4411421
ORDA03919,2021-09-01,16:06:45,Dinner,BK,"[('Shrimp', 10), ('Fish&Chips', 8), ('Pasta', 6), ('Salmon', 9)]",1354.0,-37.8077129,144.9732421,1,6.53,13.6753091
ORDY09255,2021-05-06,12:03:22,Lunch,TP,"[('Chicken', 9), ('Steak', 4), ('Burger', 4), ('Fries', 8), ('Salad', 9)]",842.8,-37.8199582,144.9587172,0,7.836,11.2431429
ORDX07999,2021-06-26,13:44:47,Lunch,BK,"[('Fish&Chips', 1), ('Chicken', 9), ('Salad', 7)]",420.4,-37.8125191,145.0132056,0,3.607,11.9108197
ORDJ04718,Sat Apr 10 00:00:00 2021,11:12:40,Breakfast,TP,"[('Pancake', 3), ('Cereal', 3), ('Coffee', 2), ('Eggs', 3)]",200.75,-37.8245206,144.9458166,0,8.955,13.129075
ORDC06491,2021-09-21,16:37:10,Dinner,NS,"[('Shrimp', 3), ('Salmon', 10)]",572.0,-37.8117771,145.0104504,0,10.529,16.4554685
ORDB07296,2021-09-17,16:37:10,Dinner,TP,"[('Shrimp', 5), ('Salmon', 3)]",393.0,-37.8018847,145.0019502,0,11.91,15.670028
ORDC03288,2021-08-12,15:26:11,Lunch,NS,"[('Steak', 9), ('Chicken', 3), ('Salad', 1)]",518.2,-37.8042041,144.9815666,0,7.382,12.747778
ORDX10544,2021-01-30,08:50:42,Breakfast,BK,"[('Eggs', 2), ('Coffee', 5)]",69.5,-37.8104033,144.9990862,0,4.216,11.3436445
ORDZ06396,2021-08-30,15:56:37,Lunch,NS,"[('Fries', 4), ('Chicken', 6), ('Salad', 2)]",274.4,-37.810688,144.9855034,0,8.307,13.327724
ORDA01362,2021-05-03,12:03:22,Lunch,BK,"[('Salad', 1), ('Steak', 3), ('Fries', 9)]",260.2,-37.812148,144.9738573,0,6.773,12.3727762
ORDY01660,2021-06-22,13:44:47,Lunch,TP,"[('Burger', 5), ('Salad', 7)]",275.4,-37.8047597,144.9537634,0,9.497,12.9000919
ORDI02090,2021-04-13,11:22:49,Breakfast,TP,"[('Pancake', 1), ('Eggs', 1), ('Cereal', 2)]",83.25,-37.819338,144.9851526,0,9.03,14.0781331
ORDY01502,2021-07-13,14:25:21,Lunch,TP,"[('Burger', 9), ('Salad', 8)]",416.6,-37.8171982,144.9529073,0,8.644,12.5986667
ORDY09801,2021-01-09,08:10:08,Breakfast,TP,"[('Eggs', 9), ('Pancake', 1), ('Coffee', 10)]",266.25,-37.82089,144.9844083,1,9.087,6.4973853
ORDB07816,2021-10-09,17:17:44,Dinner,TP,"[('Fish&Chips', 6), ('Salmon', 10), ('Shrimp', 10), ('Pasta', 6)]",1325.0,-37.8065642,144.9474374,0,9.858,15.1468594
ORDA01385,2021-08-07,15:16:03,Lunch,BK,"[('Salad', 3), ('Burger', 8), ('Steak', 7), ('Chicken', 9)]",902.6,-37.8044471,144.9616909,0,7.715,16.3314964
ORDI00914,2021-09-21,16:37:10,Dinner,NS,"[('Shrimp', 7), ('Pasta', 3), ('Salmon', 9)]",829.5,144.9968882,-37.8042237,0,8.754,14.6079718
ORDX08142,2021-12-14,19:29:34,Dinner,BK,"[('Pasta', 6), ('Shrimp', 5), ('Fish&Chips', 8), ('Salmon', 8)]",398.0,-37.8131374,144.9684202,0,7.293,14.3293953
ORDC01798,2021-11-17,18:38:52,Dinner,NS,"[('Salmon', 3), ('Fish&Chips', 3)]",228.0,-37.8123099,144.9514126,0,8.704,14.1701064
ORDC09814,2021-12-22,19:49:51,Dinner,NS,"[('Pasta', 2), ('Shrimp', 6), ('Salmon', 6), ('Fish&Chips', 2)]",695.0,-37.8118494,144.9574197,0,8.311,13.7612953
ORDY08503,2021-01-03,08:00:00,Breakfast,TP,"[('Cereal', 9), ('Coffee', 7), ('Pancake', 7)]",374.25,-37.816278,144.9902938,1,9.843,6.8922689
ORDZ00095,2021-10-04,17:07:36,Dinner,NS,"[('Shrimp', 10), ('Salmon', 10), ('Pasta', 7), ('Fish&Chips', 10)]",1492.5,-37.8023534,144.9305568,0,10.05,16.5308936
ORDX03530,2021-09-17,16:37:10,Dinner,BK,"[('Shrimp', 6), ('Fish&Chips', 8), ('Salmon', 8), ('Pasta', 4)]",1042.0,-37.8217327,144.9736627,0,7.63,14.7218903
ORDJ00270,2021-09-04,16:06:45,Dinner,TP,"[('Shrimp', 5), ('Fish&Chips', 4)]",410.0,-37.8044394,144.9785221,0,10.274,15.6661325
ORDJ08988,2021-11-07,18:18:35,Dinner,TP,"[('Pasta', 5), ('Shrimp', 10)]",677.5,-37.8187501,144.9532499,0,8.528,14.3702594
ORDC01179,2021-07-12,14:25:21,Lunch,NS,"[('Fries', 9), ('Chicken', 10)]",428.0,-37.8132784,144.9654389,0,7.823,13.0005396
ORDY03133,2021-09-28,16:57:27,Dinner,TP,"[('Salmon', 1), ('Fish&Chips', 4), ('Pasta', 10)]",456.0,144.9674978,-37.8038983,0,9.547,13.8970383
ORDC06018,2021-10-11,17:17:44,Dinner,NS,"[('Salmon', 10), ('Pasta', 7), ('Shrimp', 4), ('Fish&Chips', 9)]",1133.5,-37.8158563,145.0132322,0,11.094,17.2395848
ORDI06817,2021-04-22,11:43:05,Breakfast,NS,"[('Coffee', 6), ('Pancake', 8)]",211.0,-37.8202878,144.9531387,0,9.533,14.7875852
ORDB09560,2021-05-14,12:23:39,Lunch,TP,"[('Salad', 5), ('Chicken', 4), ('Fries', 10), ('Steak', 5)]",559.0,-37.8113572,144.9760966,0,8.984,12.1644626
ORDX04006,2021-12-01,19:09:17,Dinner,BK,"[('Fish&Chips', 9), ('Shrimp', 5), ('Pasta', 10)]",860.0,-37.8043032,144.9673419,0,7.361,13.9184214
ORDC04554,2021-06-29,13:54:55,Lunch,NS,"[('Steak', 7), ('Salad', 10), ('Fries', 8), ('Burger', 4), ('Chicken', 2)]",771.0,-37.8210696,144.947463,0,9.829,15.4406914
ORDY02247,2021-05-26,12:43:56,Lunch,TP,"[('Chicken', 6), ('Fries', 7), ('Burger', 10)]",586.0,-37.8127138,144.9827524,0,9.259,12.5659189
ORDZ05702,2021-08-23,15:46:28,Lunch,NS,"[('Fries', 10), ('Chicken', 10)]",440.0,-37.7998839,144.9460372,0,8.453,13.6903091
ORDK08483,2021-09-19,16:37:10,Dinner,BK,"[('Fish&Chips', 7), ('Shrimp', 2), ('Salmon', 9), ('Pasta', 9)]",969.5,-37.8233121,144.9406361,0,10.147,19.4248709
ORDJ10972,2021-04-16,11:22:49,Breakfast,TP,"[('Coffee', 6), ('Cereal', 10), ('Eggs', 3), ('Pancake', 9)]",496.25,-37.8247819,144.9888576,0,9.237,11.7023165
ORDZ07080,2021-06-15,13:24:30,Lunch,NS,"[('Steak', 2), ('Burger', 6)]",276.0,-37.8215414,144.9456439,0,9.989,15.6532561
ORDX00246,2021-07-06,14:05:04,Lunch,BK,"[('Fries', 7), ('Burger', 2), ('Salad', 6), ('Chicken', 5)]",409.2,-37.8120556,144.9417989,0,9.531,15.5951658
ORDA06793,2021-10-14,17:27:53,Dinner,BK,"[('Fish&Chips', 8), ('Pasta', 9)]",527.5,-37.8098059,144.9638679,0,7.408,14.5008564
ORDZ00439,2021-06-01,12:54:05,Lunch,NS,"[('Burger', 1), ('Steak', 6)]",301.0,-37.8049728,144.9480033,0,8.604,14.3279912
ORDJ00959,2021-01-28,08:50:42,Breakfast,TP,"[('Coffee', 8), ('Pancake', 8), ('Cereal', 5)]",322.0,-37.8044999,145.0020283,0,11.695,13.3996291
ORDX03186,2021-09-19,16:37:10,Dinner,BK,"[('Fish&Chips', 8), ('Salmon', 10), ('Shrimp', 3)]",852.0,-37.8066068,144.9324524,0,10.357,19.8507632
ORDZ10383,2021-05-21,12:33:48,Lunch,NS,"[('Chicken', 10), ('Burger', 10), ('Salad', 5), ('Fries', 1)]",728.0,-37.812253,144.9386792,0,9.801,14.9864264
ORDX02147,2021-09-30,16:57:27,Dinner,BK,"[('Salmon', 5), ('Fish&Chips', 3), ('Shrimp', 1)]",364.0,-37.8091577,144.9497677,0,8.815,15.1694752
ORDJ04339,2021-06-28,13:54:55,Lunch,TP,"[('Fries', 1), ('Burger', 9), ('Steak', 3)]",426.0,-37.8179614,144.950781,0,8.821,12.5439933
ORDJ08417,2021-07-22,14:35:29,Lunch,TP,"[('Salad', 1), ('Steak', 9), ('Burger', 4), ('Chicken', 6), ('Fries', 3)]",774.2,-37.8167964,145.0072683,0,11.437,14.0063176
ORDJ02824,2021-02-21,09:41:24,Breakfast,TP,"[('Cereal', 5), ('Eggs', 2)]",142.0,-37.8035133,145.0193421,0,14.143,17.3078137
ORDK06867,2021-02-23,09:41:24,Breakfast,BK,"[('Pancake', 3), ('Coffee', 8), ('Eggs', 7)]",257.75,-37.8043264,144.9472998,0,8.915,13.5118772
ORDZ08134,2021-08-16,15:26:11,Lunch,NS,"[('Steak', 7), ('Salad', 6), ('Burger', 3)]",511.2,-37.8109337,144.959358,0,7.844,13.1935636
ORDX05200,2021-06-07,13:14:21,Lunch,BK,"[('Chicken', 3), ('Coffee', 5), ('Salad', 1), ('Steak', 6), ('Fries', 1)]",550.2,-37.8149244,144.9451042,0,9.15,15.0189206
ORDZ00681,2021-10-26,17:48:10,Dinner,NS,"[('Pasta', 6), ('Salmon', 9), ('Fish&Chips', 5), ('Shrimp', 10)]",1249.0,-37.8205151,144.9272465,0,11.433,17.44608
ORDY04822,2021-08-03,15:05:54,Lunch,TP,"[('Salad', 6), ('Fries', 4), ('Burger', 4)]",275.2,-37.8029493,144.9619552,0,9.411,12.4716144
ORDZ05199,2021-03-28,10:52:23,Breakfast,NS,"[('Coffee', 5), ('Pancake', 8)]",205.5,-37.811849,144.9382358,0,10.303,17.2726455
ORDY02827,2021-05-31,12:54:05,Lunch,TP,"[('Fries', 10), ('Burger', 7), ('Steak', 1), ('Chicken', 7), ('Salad', 10)]",778.0,-37.807679,144.9422983,0,10.176,13.2238384
ORDZ04721,2021-09-30,16:57:27,Dinner,NS,"[('Shrimp', 1), ('Salmon', 6), ('Fish&Chips', 10), ('Pasta', 3)]",732.5,-37.8106491,144.9494555,0,8.72,15.2043241
ORDZ10466,2021-08-31,15:56:37,Lunch,NS,"[('Steak', 6), ('Burger', 7), ('Chicken', 7)]",711.0,-37.8134784,144.9656615,1,7.839,13.4871612
ORDB03633,2021-07-05,14:05:04,Lunch,TP,"[('Steak', 10), ('Fries', 6), ('Salad', 2)]",556.4,-37.8048668,144.9353795,0,10.832,14.32133
ORDJ08695,2021-02-17,09:31:16,Breakfast,TP,"[('Eggs', 3), ('Pancake', 10), ('Cereal', 7), ('Coffee', 7)]",464.0,-37.802216,145.0041415,0,12.095,14.3418074
ORDX10426,2021-07-12,14:15:12,Lunch,BK,"[('Burger', 5), ('Fries', 4), ('Chicken', 6), ('Salad', 9)]",549.8,-37.8139832,144.9645678,0,7.616,13.6574773
ORDZ02669,2021-11-25,18:49:00,Dinner,NS,"[('Salmon', 8), ('Pasta', 9)]",575.5,-37.822161,144.9783877,0,8.918,14.8356057
ORDY02312,2021-09-19,16:37:10,Dinner,TP,"[('Shrimp', 7), ('Fish&Chips', 7)]",623.0,-37.8065946,144.9322622,0,10.997,16.0050746
ORDX05955,2021-10-14,17:27:53,Dinner,BK,"[('Pasta', 2), ('Shrimp', 4)]",271.0,-37.8092777,144.9291463,0,10.719,17.6816576
ORDC02266,2021-11-11,18:28:43,Dinner,NS,"[('Salmon', 10), ('Fish&Chips', 4), ('Shrimp', 3)]",712.0,-37.8160421,144.9286688,0,10.594,16.3920937
ORDI02367,2021-11-26,18:59:09,Dinner,NS,"[('Salmon', 4), ('Pasta', 5), ('Fish&Chips', 10), ('Shrimp', 5)]",921.5,-37.817382,145.0092001,0,10.83,16.8395551
ORDC08645,2021-07-04,14:05:04,Lunch,NS,"[('Fries', 9), ('Burger', 6)]",294.0,-37.8002511,144.9597986,0,7.095,15.0551755
ORDX07653,2021-03-03,10:01:41,Breakfast,BK,"[('Pancake', 4), ('Eggs', 1)]",110.0,-37.8135187,144.9501824,0,8.672,13.3759062
ORDI00504,2021-10-08,17:17:44,Dinner,NS,"[('Fish&Chips', 10), ('Pasta', 6), ('Shrimp', 4), ('Salmon', 9)]",1100.0,-37.8171657,144.967727,0,8.294,14.5646391
ORDI07350,2021-08-18,15:36:20,Lunch,NS,"[('Salad', 8), ('Burger', 8), ('Steak', 6)]",655.6,-37.8127963,144.9680145,0,7.635,13.6235889
ORDI07884,2021-06-29,13:54:55,Lunch,NS,"[('Burger', 6), ('Steak', 7)]",501.0,-37.8209493,144.9474302,0,9.821,15.3554197
ORDZ09524,2021-08-18,15:36:20,Lunch,NS,"[('Steak', 7), ('Chicken', 1)]",347.0,-37.8115911,144.9724848,0,7.48,13.1032206
ORDZ03655,2021-01-28,08:50:42,Breakfast,NS,"[('Cereal', 10), ('Pancake', 7)]",355.75,-37.8027978,145.0067929,0,9.654,14.593079
ORDB00245,2021-07-12,14:15:12,Lunch,TP,"[('Chicken', 5), ('Burger', 4)]",284.0,-37.8135271,144.965125,0,8.203,10.6667224
ORDK06020,2021-12-02,19:09:17,Dinner,BK,"[('Salmon', 3), ('Pasta', 6)]",288.0,-37.8024316,145.0033639,0,5.322,12.0843255
ORDB10946,2021-11-29,18:59:09,Dinner,TP,"[('Pasta', 8), ('Fish&Chips', 5)]",395.0,-37.8036352,144.9486406,0,9.992,13.9178665
ORDC05421,2021-03-22,10:32:06,Breakfast,NS,"[('Eggs', 9), ('Pancake', 1)]",211.25,-37.7998566,144.9786219,0,6.935,11.8698439
ORDZ04462,2021-06-21,13:34:38,Lunch,BK,"[('Burger', 5), ('Salad', 2), ('Steak', 2), ('Chicken', 6), ('Fries', 1)]",483.4,-37.8058765,144.9560741,0,7.94,13.9365315
ORDZ08777,2021-06-12,13:14:21,Lunch,NS,"[('Steak', 10), ('Burger', 7), ('Fries', 5)]",727.0,-37.824146,144.9835879,0,9.448,16.9745836
ORDA10577,2021-14-03,10:21:58,Breakfast,BK,"[('Coffee', 5), ('Cereal', 4), ('Pancake', 4), ('Eggs', 6)]",322.5,-37.8019539,144.987372,0,5.998,13.6506144
ORDB10498,2021-02-09,09:10:59,Breakfast,TP,"[('Eggs', 4), ('Coffee', 2)]",95.0,-37.8233786,144.994316,0,9.809,11.7849394
ORDY04591,2021-06-20,13:34:38,Lunch,TP,"[('Burger', 3), ('Fries', 10)]",213.0,-37.8066692,144.9624905,0,9.0,13.4628823
ORDA04513,2021-03-11,10:11:49,Breakfast,BK,"[('Pancake', 2), ('Eggs', 5)]",149.5,-37.7994507,144.9941201,0,5.923,10.9164893
ORDX00690,2021-05-11,12:13:31,Lunch,BK,"[('Salad', 6), ('Burger', 1), ('Steak', 2)]",224.2,-37.8184127,144.9641682,0,7.726,13.4045537
ORDC09563,2021-12-19,19:39:43,Dinner,NS,"[('Pasta', 6), ('Fish&Chips', 2)]",235.0,-37.8119353,144.9706578,0,7.405,15.6499475
ORDB08658,2021-05-08,12:13:31,Lunch,TP,"[('Steak', 10), ('Salad', 4)]",518.8,-37.8238096,144.9550555,0,8.056,13.268228
ORDB08451,2021-09-23,16:47:19,Dinner,TP,"[('Shrimp', 1), ('Salmon', 7), ('Pasta', 6)]",506.0,-37.8126977,144.990166,0,10.05,13.9623046
ORDC01068,2021-08-15,15:26:11,Lunch,NS,"[('Chicken', 5), ('Burger', 5), ('Steak', 6)]",585.0,-37.8162688,144.9563044,0,10.433,16.3370489
ORDJ06236,2021-07-28,14:55:46,Lunch,TP,"[('Steak', 10), ('Chicken', 1), ('Burger', 9), ('Salad', 3), ('Fries', 10)]",932.6,-37.8031088,144.9634489,0,9.406,12.4351001
ORDI05554,2021-08-26,15:46:28,Lunch,NS,"[('Salad', 4), ('Burger', 7)]",285.8,-37.8037783,145.0052396,0,9.586,15.3240644
ORDI10371,2021-05-13,12:23:39,Lunch,NS,"[('Steak', 10), ('Burger', 9), ('Chicken', 10), ('Fries', 4)]",1097.0,-37.8186975,144.9657741,0,8.614,13.9966817
ORDZ07721,2021-05-04,12:03:22,Lunch,NS,"[('Fries', 5), ('Steak', 2), ('Salad', 9), ('Chicken', 7), ('Burger', 6)]",714.8,-37.8111532,144.9733924,0,7.455,13.0530597
ORDC05766,2021-09-01,16:06:45,Dinner,NS,"[('Pasta', 2), ('Shrimp', 1)]",109.0,-37.8081804,144.9731354,0,7.117,13.3077173
ORDI09022,2021-02-08,09:10:59,Breakfast,NS,"[('Eggs', 9), ('Coffee', 9), ('Cereal', 10)]",438.5,-37.8151829,144.9980124,0,9.807,15.2089421
ORDJ02103,2021-12-20,19:39:43,Dinner,TP,"[('Shrimp', 8), ('Fish&Chips', 3), ('Salmon', 6)]",783.0,-37.8152578,144.9634694,0,7.906,12.1506024
ORDI03481,2021-12-28,20:00:00,Dinner,NS,"[('Pasta', 9), ('Fish&Chips', 5)]",422.5,-37.8031227,144.9635754,0,6.969,12.8073457
ORDB09279,2021-02-21,09:41:24,Breakfast,TP,"[('Cereal', 2), ('Eggs', 1)]",61.0,-37.7977356,145.0083176,0,12.863,16.0186706
ORDX00508,2021-04-25,11:43:05,Breakfast,BK,"[('Pancake', 6), ('Cereal', 1), ('Coffee', 4), ('Eggs', 2)]",217.5,-37.8123988,144.9471722,0,10.226,17.3449027
ORDB04212,2021-02-18,09:31:16,Breakfast,TP,"[('Eggs', 1), ('Cereal', 6), ('Pancake', 2), ('Coffee', 8)]",229.5,-37.8231489,144.9765051,0,8.117,10.9590358
ORDK03626,2021-01-24,08:40:33,Breakfast,BK,"[('Eggs', 3), ('Coffee', 1), ('Pancake', 1), ('Cereal', 6)]",210.75,-37.8127511,144.9643878,0,7.538,15.2968506
ORDX09992,2021-08-19,15:36:20,Lunch,BK,"[('Salad', 6), ('Fries', 9), ('Chicken', 9), ('Burger', 5), ('Steak', 8)]",1014.2,-37.8176031,144.9591442,0,8.222,13.9144601
ORDX03610,2021-05-26,12:43:56,Lunch,BK,"[('Steak', 9), ('Fries', 1)]",417.0,-37.8113959,144.9829026,0,5.827,11.8886477
ORDK08438,2021-02-01,09:00:50,Breakfast,BK,"[('Cereal', 6), ('Coffee', 6), ('Eggs', 8), ('Pancake', 5)]",432.25,-37.8033841,144.976517,0,6.772,11.527468
ORDA04830,2021-08-04,15:05:54,Lunch,BK,"[('Fries', 1), ('Burger', 3)]",105.0,-37.7997405,144.9550185,0,8.51,14.6078453
ORDK07545,2021-01-01,08:00:00,Breakfast,BK,"[('Cereal', 6), ('Eggs', 9)]",309.0,-37.8136472,144.9573201,1,8.122,6.5599621
ORDC01109,2021-05-12,12:13:31,Lunch,NS,"[('Salad', 8), ('Chicken', 6), ('Fries', 7), ('Burger', 4), ('Steak', 1)]",582.6,-37.8195027,144.9634796,0,8.819,14.1860221
ORDA09062,2021-12-18,19:39:43,Dinner,BK,"[('Salmon', 8), ('Shrimp', 10), ('Pasta', 9), ('Fish&Chips', 5)]",1290.5,-37.8168728,144.9543047,0,8.571,18.0921376
ORDX03962,2021-07-05,14:05:04,Lunch,BK,"[('Steak', 1), ('Chicken', 7), ('Burger', 7), ('Fries', 9), ('Salad', 10)]",766.0,-37.8129158,145.0118065,0,3.705,9.2650409
ORDK01697,2021-05-02,11:53:14,Breakfast,BK,"[('Coffee', 10), ('Cereal', 9), ('Eggs', 5), ('Pancake', 3)]",406.75,-37.8022422,144.9328757,0,10.353,18.1048107
ORDB00565,2021-03-04,10:01:41,Breakfast,TP,"[('Pancake', 7), ('Cereal', 10)]",355.75,-37.8033468,145.0056955,0,12.135,14.5642059
ORDA08613,2021-02-08,09:10:59,Breakfast,BK,"[('Coffee', 4), ('Pancake', 6), ('Eggs', 5)]",260.5,-37.8154001,144.9997466,0,4.59,9.240882
ORDB00205,2021-07-15,14:25:21,Lunch,TP,"[('Steak', 2), ('Salad', 9)]",244.8,-37.8194746,144.9817627,0,8.987,12.7653026
ORDX01795,2021-03-19,10:32:06,Breakfast,BK,"[('Pancake', 5), ('Coffee', 5), ('Cereal', 10), ('Eggs', 1)]",359.75,-37.8144562,144.9880736,0,5.56,10.2059764
ORDI06753,2021-11-04,18:08:27,Dinner,NS,"[('Pasta', 10), ('Shrimp', 6), ('Salmon', 3), ('Fish&Chips', 10)]",1072.0,-37.8188049,144.9533708,0,9.225,15.2170484
ORDX06856,2021-12-27,20:00:00,Dinner,BK,"[('Fish&Chips', 1), ('Shrimp', 10), ('Salmon', 5)]",780.0,-37.8229455,144.9811356,0,7.008,13.9413754
ORDB01452,2021-06-23,13:44:47,Lunch,TP,"[('Steak', 2), ('Fries', 8), ('Burger', 4)]",310.0,-37.8055395,144.955269,0,9.382,12.8308907
ORDJ10689,2021-10-08,17:17:44,Dinner,TP,"[('Salmon', 10), ('Fish&Chips', 3), ('Shrimp', 5)]",785.0,-37.8171876,144.9675661,0,7.811,11.5774254
ORDA07999,2021-05-08,12:13:31,Lunch,BK,"[('Fries', 1), ('Chicken', 3), ('Salad', 8), ('Steak', 7), ('Burger', 5)]",715.6,-37.8223955,144.9474232,0,9.302,17.6498717
ORDY09556,2021-03-14,10:21:58,Breakfast,TP,"[('Pancake', 10), ('Cereal', 4), ('Eggs', 10), ('Coffee', 5)]",540.0,-37.8006222,144.9769955,0,10.087,14.4597535
ORDY09759,2021-02-05,09:10:59,Breakfast,TP,"[('Coffee', 3), ('Pancake', 3), ('Cereal', 3)]",143.25,-37.8135669,144.9683657,0,8.337,10.7081479
ORDC03272,2021-01-27,08:50:42,Breakfast,NS,"[('Cereal', 10), ('Coffee', 4), ('Pancake', 4)]",311.0,-37.811672,145.0153872,0,11.185,15.8782687
ORDY02092,2021-01-22,08:40:33,Breakfast,TP,"[('Coffee', 2), ('Eggs', 4)]",95.0,-37.8130029,144.9540946,0,8.788,11.2091404
ORDJ09623,2021-11-08,18:18:35,Dinner,TP,"[('Salmon', 4), ('Shrimp', 5), ('Fish&Chips', 2), ('Pasta', 10)]",779.0,-37.8042543,144.9492043,0,9.834,13.9186841
ORDZ03045,2021-02-11,09:21:07,Breakfast,NS,"[('Eggs', 4), ('Coffee', 8)]",128.0,-37.8194136,145.0073016,0,10.777,16.2555081
ORDJ02008,2021-12-27,20:00:00,Dinner,TP,"[('Fish&Chips', 5), ('Salmon', 1)]",216.0,-37.8205187,144.9511189,0,8.648,12.5170362
ORDA06986,2021-03-27,10:42:15,Breakfast,BK,"[('Cereal', 3), ('Eggs', 6)]",210.75,-37.8197452,144.9943353,0,5.412,12.9459438
ORDJ01043,2021-09-29,16:57:27,Dinner,TP,"[('Shrimp', 4), ('Pasta', 6), ('Salmon', 5)]",586.0,-37.8086964,144.961653,0,8.72,12.6664829
ORDI07902,2021-07-13,14:25:21,Lunch,NS,"[('Fries', 4), ('Salad', 3), ('Steak', 10)]",660.5,-37.8002654,144.9586466,0,7.29,12.6132544
ORDZ00284,2021-08-16,15:26:11,Lunch,NS,"[('Steak', 3), ('Chicken', 6)]",327.0,-37.8106838,144.9598484,0,7.783,13.3210742
ORDJ08246,2021-05-10,12:13:31,Lunch,TP,"[('Steak', 7), ('Fries', 8), ('Burger', 8), ('Chicken', 6), ('Salad', 3)]",902.6,-37.8230218,144.9601494,0,7.667,11.1577365
ORDJ10437,2021-11-06,18:18:35,Dinner,TP,"[('Salmon', 7), ('Fish&Chips', 10)]",637.0,-37.8194003,144.9527902,0,8.537,14.4001007
ORDY10552,2021-06-23,13:44:47,Lunch,TP,"[('Steak', 1), ('Fries', 2), ('Salad', 4), ('Burger', 2), ('Chicken', 6)]",391.8,-37.8061848,144.9551499,0,9.333,12.6418817
ORDB04801,2021-05-16,12:23:39,Dinner,TP,"[('Steak', 9), ('Chicken', 10), ('Fries', 8), ('Burger', 2)]",883.0,-37.8140167,144.9654387,0,8.206,13.4889248
ORDJ00897,2021-12-15,19:29:34,Dinner,TP,"[('Pasta', 9), ('Shrimp', 7)]",625.5,-37.816032,144.9725812,0,8.216,12.2106999
ORDA07773,2021-01-15,08:20:16,Breakfast,BK,"[('Cereal', 2), ('Coffee', 3)]",56.5,-37.8210602,144.9551708,1,8.578,6.3702476
ORDJ07112,2021-02-13,09:21:07,Breakfast,TP,"[('Eggs', 10), ('Coffee', 7), ('Cereal', 10), ('Pancake', 9)]",648.75,-37.823433,144.9688509,0,7.996,12.6329051
ORDX10524,2021-04-22,11:43:05,Breakfast,BK,"[('Pancake', 1), ('Cereal', 4), ('Coffee', 8)]",146.25,-37.8167763,144.9505847,0,9.236,14.5177794
ORDA00055,2021-05-03,12:03:22,Lunch,BK,"[('Steak', 1), ('Burger', 2), ('Fries', 3), ('Chicken', 4), ('Salad', 8)]",408.6,-37.8121538,144.9739321,0,6.77,12.617405
ORDI08874,2021-05-06,12:03:22,Lunch,NS,"[('Burger', 4), ('Chicken', 9), ('Fries', 6), ('Steak', 3)]",619.0,-37.8202485,144.9573102,0,9.195,14.7519233
ORDC00235,2021-04-18,11:32:57,Breakfast,NS,"[('Eggs', 10), ('Pancake', 1), ('Coffee', 4)]",254.25,-37.8192673,144.9788564,0,8.46,16.1859279
ORDB08062,2021-12-21,19:39:43,Dinner,TP,"[('Salmon', 3), ('Shrimp', 3)]",285.0,-37.8085204,144.9607287,0,8.773,13.0889814
ORDZ06857,2021-14-10,17:27:53,Dinner,NS,"[('Pasta', 1), ('Shrimp', 6)]",351.5,-37.8103934,144.9642662,0,7.497,12.8342587
ORDX08330,2021-06-03,13:04:13,Lunch,BK,"[('Burger', 8), ('Steak', 10), ('Fries', 10)]",818.0,-37.8148053,144.9448602,0,9.181,15.3325902
ORDJ03376,2021-05-23,12:43:56,Lunch,TP,"[('Fries', 1), ('Chicken', 8), ('Burger', 3), ('Salad', 1), ('Steak', 6)]",648.2,-37.8133487,144.9312518,0,11.713,16.0045323
ORDX05709,2021-03-06,10:01:41,Breakfast,BK,"[('Eggs', 4), ('Cereal', 6)]",204.0,37.8060933,144.9544511,0,8.23,15.9744553
ORDB04110,2021-09-12,16:27:02,Dinner,TP,"[('Shrimp', 7), ('Fish&Chips', 3)]",483.0,-37.8006424,144.9776168,0,10.149,15.922783
ORDY11090,2021-10-23,17:48:10,Dinner,TP,"[('Fish&Chips', 4), ('Pasta', 3), ('Salmon', 2)]",304.5,-37.816091,145.009424,0,11.7,17.2962391
ORDX03837,2021-11-01,18:08:27,Dinner,BK,"[('Burger', 7), ('Fish&Chips', 4), ('Salmon', 6), ('Pasta', 3)]",846.5,-37.8119326,144.9636221,0,7.54,14.4547712
ORDX07872,2021-11-11,18:18:35,Dinner,BK,"[('Pasta', 9), ('Shrimp', 2), ('Fish&Chips', 10)]",705.5,-37.8149881,144.9275015,0,11.861,19.3274394
ORDZ07031,2021-03-25,10:42:15,Breakfast,NS,"[('Eggs', 3), ('Cereal', 2), ('Coffee', 10), ('Pancake', 4)]",247.0,-37.8080101,144.9363157,0,9.994,15.2853566
ORDY07443,2021-06-15,13:24:30,Lunch,TP,"[('Burger', 4), ('Salad', 3), ('Chicken', 3), ('Fries', 2), ('Steak', 1)]",340.6,-37.8090565,144.9719345,0,9.132,12.4500002
ORDZ03015,2021-04-11,11:12:40,Breakfast,NS,"[('Coffee', 1), ('Cereal', 4), ('Eggs', 2), ('Pancake', 5)]",238.75,-37.8205224,144.9828687,0,9.115,16.3577725
ORDJ02114,2021-11-10,18:18:35,Dinner,TP,"[('Fish&Chips', 2), ('Pasta', 7), ('Salmon', 4), ('Shrimp', 7)]",804.5,-37.8033524,144.9499935,0,9.946,14.1636599
ORDC06668,2021-05-29,12:54:05,Lunch,NS,"[('Chicken', 8), ('Steak', 6), ('Fries', 6), ('Burger', 9)]",877.0,-37.8204791,144.9660281,0,8.903,16.4203128
ORDX10874,2021-03-13,10:21:58,Breakfast,BK,"[('Coffee', 4), ('Eggs', 2)]",64.0,-37.800352,144.9891425,0,6.051,13.3960327
ORDY03383,2021-02-02,09:00:50,Breakfast,TP,"[('Eggs', 5), ('Cereal', 7)]",245.0,-37.8109075,144.9888918,0,9.941,12.3658468
ORDB09825,2021-06-26,13:44:47,Lunch,TP,"[('Steak', 9), ('Burger', 9)]",684.0,-37.8031001,144.949536,0,9.936,15.1500242
ORDC02241,2021-01-19,08:30:25,Breakfast,NS,"[('Pancake', 7), ('Eggs', 2), ('Coffee', 7)]",236.25,-37.8135393,144.9616656,1,8.062,6.7307616
ORDB07195,2021-03-27,10:42:15,Breakfast,TP,"[('Pancake', 2), ('Eggs', 4), ('Cereal', 1), ('Coffee', 7)]",187.0,-37.8198249,144.9954347,0,10.214,13.7604037
ORDB04234,2021-03-13,10:21:58,Breakfast,TP,"[('Coffee', 9), ('Pancake', 9), ('Eggs', 6)]",375.75,-37.8038468,144.9648389,0,9.4,13.5758236
ORDJ10259,2021-11-22,18:49:00,Dinner,TP,"[('Shrimp', 10), ('Pasta', 1), ('Fish&Chips', 5)]",742.5,-37.8194101,144.9772839,0,8.654,12.6432179
ORDY00963,2021-03-04,10:01:41,Breakfast,TP,"[('Coffee', 9), ('Eggs', 9), ('Pancake', 8)]",416.5,-37.8125886,144.9375525,0,10.428,12.795136
ORDZ05789,2021-01-21,08:30:25,Breakfast,NS,"[('Cereal', 5), ('Eggs', 2), ('Coffee', 7), ('Pancake', 4)]",269.5,-37.8171578,144.9593038,0,8.643,13.4895139
ORDJ01423,2021-09-08,16:16:54,Dinner,TP,"[('Fish&Chips', 9), ('Pasta', 6)]",480.0,-37.8226138,144.9583674,0,7.739,12.7290365
ORDZ01313,2021-08-24,15:46:28,Lunch,NS,"[('Steak', 8), ('Burger', 3), ('Chicken', 3), ('Salad', 2)]",583.4,-37.8107177,145.0023388,0,9.639,15.178148
ORDA03107,2021-02-19,09:31:16,Breakfast,BK,"[('Coffee', 5), ('Eggs', 1)]",48.5,-37.8015578,144.9529535,0,8.562,13.4471337
ORDY10384,2021-08-21,15:36:20,Lunch,TP,"[('Chicken', 3), ('Burger', 2), ('Steak', 5), ('Fries', 2)]",407.0,-37.8161667,144.9639741,1,7.788,12.6155412
ORDI10661,2021-09-19,16:37:10,Dinner,NS,"[('Shrimp', 5), ('Pasta', 8), ('Fish&Chips', 3)]",595.0,-37.8067216,144.9321165,0,10.22,18.3632955
ORDC08156,2021-06-14,13:24:30,Lunch,NS,"[('Chicken', 5), ('Salad', 3), ('Burger', 6)]",397.6,-37.8247207,144.9827064,0,9.423,14.6840093
ORDZ03522,2021-12-03,19:09:17,Dinner,NS,"[('Pasta', 2), ('Salmon', 9)]",424.0,-37.8153922,144.9665197,0,8.069,14.2209568
ORDA10411,2021-04-21,11:32:57,Breakfast,BK,"[('Coffee', 7), ('Cereal', 5)]",138.5,-37.8149206,144.9914054,0,5.443,10.2349073
ORDB09299,2021-08-26,15:46:28,Lunch,TP,"[('Steak', 6), ('Fries', 5)]",330.0,-37.8128738,144.9641853,0,8.234,12.2400139
ORDJ03116,2021-02-08,09:10:59,Breakfast,TP,"[('Coffee', 8), ('Eggs', 4), ('Pancake', 1), ('Cereal', 4)]",230.25,-37.8118516,144.9935419,0,10.435,12.7254444
ORDY03770,2021-01-07,08:10:08,Breakfast,TP,"[('Pancake', 2), ('Coffee', 5), ('Eggs', 10), ('Cereal', 7)]",422.0,-37.8117045,144.9406911,1,10.077,6.055033
ORDZ06400,2021-03-10,10:11:49,Breakfast,NS,"[('Cereal', 4), ('Coffee', 1), ('Eggs', 2)]",127.5,-37.8021805,144.9837223,0,7.338,12.2331043
ORDJ06181,2021-12-14,19:29:34,Dinner,TP,"[('Salmon', 6), ('Fish&Chips', 1), ('Shrimp', 4), ('Pasta', 10)]",772.0,-37.8126977,144.9682163,0,8.453,12.5743354
ORDC07261,2021-09-12,16:27:02,Dinner,NS,"[('Shrimp', 2), ('Salmon', 8)]",436.0,-37.8170929,144.9888177,0,9.113,17.2337248
ORDJ05181,2021-01-08,08:10:08,Breakfast,TP,"[('Coffee', 6), ('Eggs', 8)]",201.0,-37.8042124,144.9603782,1,9.24,5.7969852
ORDY02676,2021-12-21,19:39:43,Dinner,TP,"[('Pasta', 7), ('Fish&Chips', 4), ('Salmon', 8)]",660.5,-37.8091882,144.9607595,0,8.633,12.7607458
ORDK04997,2021-03-16,10:21:58,Breakfast,BK,"[('Eggs', 8), ('Coffee', 2), ('Cereal', 3), ('Pancake', 2)]",283.5,-37.7992068,144.9613139,0,8.333,13.0312157
ORDX04239,2021-06-29,13:54:55,Lunch,BK,"[('Burger', 9), ('Steak', 5), ('Fries', 1)]",516.0,-37.8224711,144.9474014,0,9.296,15.2206327
ORDC01633,2021-04-28,11:53:14,Breakfast,NS,"[('Cereal', 5), ('Coffee', 4)]",122.0,-37.8050491,144.925635,0,10.773,15.0593408
ORDI07378,2021-07-01,13:54:55,Lunch,NS,"[('Chicken', 5), ('Salad', 1), ('Steak', 2)]",267.2,-37.821639,144.9450746,0,10.018,15.3991865
ORDB01795,2021-01-02,08:00:00,Breakfast,TP,"[('Cereal', 1), ('Coffee', 1), ('Pancake', 10)]",248.0,-37.803419,144.9914904,1,10.907,7.7123577
ORDY00118,2021-02-11,09:21:07,Breakfast,TP,"[('Pancake', 3), ('Cereal', 4), ('Eggs', 2), ('Coffee', 7)]",227.25,-37.8239376,145.0014275,0,10.54,13.1483618
ORDI07908,2021-05-11,12:13:31,Lunch,NS,"[('Fries', 10), ('Steak', 2), ('Chicken', 3), ('Burger', 10), ('Salad', 9)]",770.8,-37.8183458,144.9641397,0,8.576,14.6997127
ORDA00905,2021-12-19,19:39:43,Dinner,BK,"[('Fish&Chips', 3), ('Salmon', 4), ('Pasta', 7), ('Shrimp', 8)]",893.5,-37.8155357,144.9582629,0,8.189,17.5108488
ORDC05947,2021-05-15,12:23:39,Lunch,NS,"[('Fish&Chips', 8), ('Fries', 7), ('Chicken', 5), ('Salad', 10), ('Steak', 5)]",889.0,-37.8131242,144.9630993,0,7.927,15.2950703
ORDK01679,2021-01-17,08:30:25,Breakfast,BK,"[('Cereal', 4), ('Coffee', 2), ('Pancake', 6), ('Eggs', 1)]",245.5,-37.8093501,144.9315798,1,10.504,9.0749153
ORDK06711,2021-08-07,15:16:03,Lunch,BK,"[('Steak', 1), ('Fries', 1), ('Chicken', 4), ('Salad', 2), ('Burger', 2)]",281.4,-37.8182517,144.9651695,0,7.66,16.1817575
ORDZ10311,2021-06-28,13:54:55,Lunch,NS,"[('Burger', 8), ('Steak', 2), ('Salad', 2), ('Chicken', 8)]",628.4,-37.8197232,144.9468102,0,9.703,15.2909521
ORDK09222,2021-01-01,08:00:00,Breakfast,BK,"[('Coffee', 1), ('Pancake', 5)]",116.75,-37.8116151,144.9456443,1,9.958,7.068
ORDX03185,2021-07-15,14:25:21,Lunch,BK,"[('Fries', 8), ('Chicken', 7)]",320.0,-37.8163438,144.987727,0,8.78,11.5012934
ORDC00075,2021-12-31,20:00:00,Dinner,NS,"[('Fish&Chips', 6), ('Shrimp', 2), ('Salmon', 4), ('Pasta', 9)]",729.5,-37.8230473,144.9763585,0,9.024,14.9147407
ORDI04326,2021-03-13,10:21:58,Breakfast,NS,"[('Cereal', 4), ('Pancake', 7), ('Coffee', 3), ('Eggs', 1)]",273.25,-37.8041542,144.9642024,0,6.971,13.9014857
ORDI04214,2021-05-11,12:13:31,Lunch,NS,"[('Salad', 7), ('Burger', 10)]",430.4,-37.8178652,144.9663478,0,8.424,14.074149
ORDZ10840,2021-09-08,16:16:54,Dinner,NS,"[('Fish&Chips', 6), ('Salmon', 4)]",374.0,-37.7991117,144.9895502,0,8.055,13.431763
ORDZ00935,2021-07-18,14:35:29,Lunch,NS,"[('Salad', 7), ('Chicken', 5), ('Burger', 8), ('Steak', 7), ('Fries', 7)]",927.4,-37.8189749,145.0081364,0,10.872,18.0926425
ORDZ04885,2021-07-03,14:05:04,Lunch,NS,"[('Burger', 5), ('Chicken', 7), ('Fries', 4), ('Salad', 2), ('Steak', 7)]",776.4,-37.8233728,144.9673207,0,9.056,16.157613
ORDK06260,2021-07-15,14:25:21,Lunch,BK,"[('Fries', 1), ('Salad', 3), ('Steak', 9)]",468.6,-37.8153946,144.9774634,0,6.467,11.8421497
ORDA02723,2021-09-17,16:37:10,Dinner,BK,"[('Pasta', 7), ('Fish&Chips', 4), ('Salmon', 8)]",660.5,-37.806169,144.9591198,0,7.78,14.6855533
ORDA00668,2021-12-06,19:09:17,Dinner,BK,"[('Fish&Chips', 4), ('Shrimp', 6), ('Salmon', 6)]",710.0,-37.8152059,144.95255,0,8.593,16.0153048
ORDB05865,2021-05-18,12:33:48,Lunch,TP,"[('Steak', 1), ('Fries', 6), ('Salad', 5), ('Chicken', 6), ('Burger', 3)]",488.0,-37.8144213,144.9501635,0,10.07,13.6874947
ORDZ08473,2021-10-09,17:17:44,Dinner,NS,"[('Shrimp', 5), ('Fish&Chips', 4)]",410.0,-37.8084457,144.9767849,0,7.407,15.5682236
ORDI04025,2021-12-26,19:49:51,Dinner,NS,"[('Salmon', 9), ('Pasta', 10)]",644.0,-37.8149249,144.9327781,0,9.164,17.409345
ORDB05611,2021-03-10,10:11:49,Breakfast,TP,"[('Eggs', 4), ('Cereal', 6), ('Pancake', 3), ('Coffee', 10)]",325.75,-37.8212909,144.9681715,0,7.755,10.9873813
ORDZ00372,2021-03-09,10:11:49,Breakfast,NS,"[('Pancake', 2), ('Cereal', 3), ('Coffee', 8), ('Eggs', 4)]",232.5,-37.8093685,144.9493415,0,8.731,14.0253726
ORDZ06997,2021-02-13,09:21:07,Breakfast,NS,"[('Eggs', 8), ('Pancake', 8)]",346.0,-37.8086572,144.9708607,0,7.144,14.4851216
ORDB03459,2021-07-07,14:05:04,Lunch,TP,"[('Steak', 10), ('Burger', 9), ('Salad', 6)]",832.2,-37.8022543,144.9805561,0,10.291,13.8710261
ORDK07193,2021-05-06,12:03:22,Lunch,BK,"[('Salad', 7), ('Fries', 10), ('Burger', 5), ('Steak', 1)]",440.4,-37.8094457,144.9727357,0,6.683,12.812476
ORDB06693,2021-08-18,15:36:20,Lunch,TP,"[('Steak', 2), ('Salad', 5), ('Fries', 5), ('Chicken', 6), ('Burger', 1)]",459.0,-37.8120976,144.9706706,0,8.664,12.170187
ORDI07003,2021-01-05,08:00:00,Breakfast,NS,"[('Coffee', 5), ('Eggs', 6), ('Pancake', 4)]",242.5,-37.8049735,145.0145436,1,10.374,7.4942173
ORDZ03712,2021-12-09,19:19:26,Dinner,NS,"[('Salmon', 7), ('Pasta', 3)]",369.5,-37.8166063,144.9699492,0,8.08,14.4326053
ORDZ06105,2021-06-27,13:44:47,Lunch,NS,"[('Salad', 6), ('Burger', 5)]",258.2,-37.8158649,145.015594,0,11.576,18.741167
ORDI06666,2021-04-05,11:02:32,Breakfast,NS,"[('Eggs', 9), ('Cereal', 6)]",309.0,-37.8097134,144.9879612,0,8.396,13.69444
ORDK06810,2021-10-03,17:07:36,Dinner,BK,"[('Fish&Chips', 8), ('Shrimp', 5), ('Pasta', 9), ('Salmon', 9)]",1166.5,-37.8063406,144.9453799,0,9.122,18.4408717
ORDA06305,2021-07-02,13:54:55,Lunch,BK,"[('Fries', 5), ('Steak', 7), ('Burger', 5), ('Salad', 1)]",547.2,-37.823332,144.969914,0,7.982,13.8995798
ORDX08700,2021-07-17,14:25:21,Lunch,BK,"[('Salad', 2), ('Chicken', 9), ('Burger', 7), ('Fries', 5), ('Steak', 10)]",1049.4,-37.8159739,144.9724644,0,6.94,15.4700339
ORDX04641,2021-07-13,14:25:21,Lunch,BK,"[('Fries', 2), ('Salad', 1), ('Chicken', 10), ('Burger', 6)]",547.2,-37.8167255,144.9843898,0,6.144,11.7788714
